# Blender 5.2.0 LTS
# www.blender.org
mtllib sphere.mtl
o Cube
v 0.509752 0.509752 -0.509752
v 0.509752 -0.509752 -0.509752
v 0.509752 0.509752 0.509752
v 0.509752 -0.509752 0.509752
v -0.509752 0.509752 -0.509752
v -0.509752 -0.509752 -0.509752
v -0.509752 0.509752 0.509752
v -0.509752 -0.509752 0.509752
v 0.624316 0.624316 -0.000000
v -0.000000 0.624316 -0.624316
v -0.624316 0.624316 -0.000000
v -0.000000 0.624316 0.624316
v -0.000000 -0.624316 0.624316
v 0.624316 0.000000 0.624316
v -0.624316 0.000000 0.624316
v -0.624316 -0.624316 0.000000
v -0.624316 -0.000000 -0.624316
v -0.000000 -0.624316 -0.624316
v 0.624316 -0.624316 0.000000
v 0.624316 -0.000000 -0.624316
v 0.000000 -0.000000 -0.882917
v 0.882917 0.000000 0.000000
v 0.000000 -0.882917 0.000000
v -0.882917 0.000000 0.000000
v 0.000000 0.000000 0.882917
v 0.000000 0.882917 -0.000000
v 0.588611 0.588611 0.294306
v -0.294306 0.588611 -0.588611
v -0.588611 0.588611 0.294306
v -0.294306 0.588611 0.588611
v -0.294306 -0.588611 0.588611
v 0.588611 -0.294306 0.588611
v -0.588611 -0.294306 0.588611
v -0.588611 -0.588611 0.294306
v -0.588611 -0.294306 -0.588611
v -0.294306 -0.588611 -0.588611
v 0.588611 -0.588611 0.294306
v 0.588611 -0.294306 -0.588611
v 0.588611 0.588611 -0.294306
v 0.294306 0.588611 -0.588611
v -0.588611 0.588611 -0.294306
v 0.294306 0.588611 0.588611
v 0.294306 -0.588611 0.588611
v 0.588611 0.294306 0.588611
v -0.588611 0.294306 0.588611
v -0.588611 -0.588611 -0.294306
v -0.588611 0.294306 -0.588611
v 0.294306 -0.588611 -0.588611
v 0.588611 -0.588611 -0.294306
v 0.588611 0.294306 -0.588611
v 0.394852 -0.000000 -0.789705
v -0.394852 -0.000000 -0.789705
v 0.000000 -0.394852 -0.789705
v 0.000000 0.394852 -0.789705
v 0.789705 0.000000 0.394852
v 0.789705 -0.000000 -0.394852
v 0.789705 -0.394852 0.000000
v 0.789705 0.394852 -0.000000
v 0.000000 -0.789705 0.394852
v 0.000000 -0.789705 -0.394852
v -0.394852 -0.789705 0.000000
v 0.394852 -0.789705 0.000000
v -0.789705 -0.000000 -0.394852
v -0.789705 0.000000 0.394852
v -0.789705 -0.394852 0.000000
v -0.789705 0.394852 -0.000000
v -0.394852 0.000000 0.789705
v 0.394852 0.000000 0.789705
v 0.000000 -0.394852 0.789705
v 0.000000 0.394852 0.789705
v 0.000000 0.789705 0.394852
v 0.000000 0.789705 -0.394852
v 0.394852 0.789705 -0.000000
v -0.394852 0.789705 -0.000000
v -0.360449 0.720899 -0.360449
v 0.360449 0.720899 -0.360449
v 0.360449 0.720899 0.360449
v 0.360449 0.360449 0.720899
v 0.360449 -0.360449 0.720899
v -0.360449 -0.360449 0.720899
v -0.720899 0.360449 0.360449
v -0.720899 -0.360449 0.360449
v -0.720899 -0.360449 -0.360449
v 0.360449 -0.720899 -0.360449
v -0.360449 -0.720899 -0.360449
v -0.360449 -0.720899 0.360449
v 0.720899 0.360449 -0.360449
v 0.720899 -0.360449 -0.360449
v 0.720899 -0.360449 0.360449
v -0.360449 0.360449 -0.720899
v -0.360449 -0.360449 -0.720899
v 0.360449 -0.360449 -0.720899
v 0.360449 0.360449 -0.720899
v 0.720899 0.360449 0.360449
v 0.360449 -0.720899 0.360449
v -0.720899 0.360449 -0.360449
v -0.360449 0.360449 0.720899
v -0.360449 0.720899 0.360449
v 0.551554 0.551554 0.413665
v -0.413665 0.551554 -0.551554
v -0.551554 0.551554 0.413665
v -0.413665 0.551554 0.551554
v -0.413665 -0.551554 0.551554
v 0.551554 -0.413665 0.551554
v -0.551554 -0.413665 0.551554
v -0.551554 -0.551554 0.413665
v -0.551554 -0.413665 -0.551554
v -0.413665 -0.551554 -0.551554
v 0.551554 -0.551554 0.413665
v 0.551554 -0.413665 -0.551554
v 0.614784 0.614784 -0.153696
v 0.153696 0.614784 -0.614784
v -0.614784 0.614784 -0.153696
v 0.153696 0.614784 0.614784
v 0.153696 -0.614784 0.614784
v 0.614784 0.153696 0.614784
v -0.614784 0.153696 0.614784
v -0.614784 -0.614784 -0.153696
v -0.614784 0.153696 -0.614784
v 0.153696 -0.614784 -0.614784
v 0.614784 -0.614784 -0.153696
v 0.614784 0.153696 -0.614784
v 0.529750 -0.000000 -0.706333
v -0.214139 -0.000000 -0.856555
v -0.000000 -0.529750 -0.706333
v 0.000000 0.214139 -0.856555
v 0.706333 0.000000 0.529750
v 0.856555 -0.000000 -0.214139
v 0.706333 -0.529750 0.000000
v 0.856555 0.214139 -0.000000
v -0.000000 -0.706333 0.529750
v 0.000000 -0.856555 -0.214139
v -0.529750 -0.706333 0.000000
v 0.214139 -0.856555 0.000000
v -0.706333 -0.000000 -0.529750
v -0.856555 0.000000 0.214139
v -0.706333 -0.529750 0.000000
v -0.856555 0.214139 -0.000000
v -0.529750 0.000000 0.706333
v 0.214139 0.000000 0.856555
v -0.000000 -0.529750 0.706333
v 0.000000 0.214139 0.856555
v -0.000000 0.706333 0.529750
v 0.000000 0.856555 -0.214139
v 0.529750 0.706333 -0.000000
v -0.214139 0.856555 -0.000000
v 0.614784 0.614784 0.153696
v -0.153696 0.614784 -0.614784
v -0.614784 0.614784 0.153696
v -0.153696 0.614784 0.614784
v -0.153696 -0.614784 0.614784
v 0.614784 -0.153696 0.614784
v -0.614784 -0.153696 0.614784
v -0.614784 -0.614784 0.153696
v -0.614784 -0.153696 -0.614784
v -0.153696 -0.614784 -0.614784
v 0.614784 -0.614784 0.153696
v 0.614784 -0.153696 -0.614784
v 0.551554 0.551554 -0.413665
v 0.413665 0.551554 -0.551554
v -0.551554 0.551554 -0.413665
v 0.413665 0.551554 0.551554
v 0.413665 -0.551554 0.551554
v 0.551554 0.413665 0.551554
v -0.551554 0.413665 0.551554
v -0.551554 -0.551554 -0.413665
v -0.551554 0.413665 -0.551554
v 0.413665 -0.551554 -0.551554
v 0.551554 -0.551554 -0.413665
v 0.551554 0.413665 -0.551554
v 0.214139 -0.000000 -0.856555
v -0.529750 -0.000000 -0.706333
v 0.000000 -0.214139 -0.856555
v -0.000000 0.529750 -0.706333
v 0.856555 0.000000 0.214139
v 0.706333 -0.000000 -0.529750
v 0.856555 -0.214139 0.000000
v 0.706333 0.529750 -0.000000
v 0.000000 -0.856555 0.214139
v -0.000000 -0.706333 -0.529750
v -0.214139 -0.856555 0.000000
v 0.529750 -0.706333 0.000000
v -0.856555 -0.000000 -0.214139
v -0.706333 0.000000 0.529750
v -0.856555 -0.214139 0.000000
v -0.706333 0.529750 -0.000000
v -0.214139 0.000000 0.856555
v 0.529750 0.000000 0.706333
v 0.000000 -0.214139 0.856555
v -0.000000 0.529750 0.706333
v 0.000000 0.856555 0.214139
v -0.000000 0.706333 -0.529750
v 0.214139 0.856555 -0.000000
v -0.529750 0.706333 -0.000000
v -0.385336 0.770673 -0.192668
v -0.327907 0.655814 -0.491861
v -0.192668 0.770673 -0.385336
v -0.491861 0.655814 -0.327907
v 0.385336 0.770673 -0.192668
v 0.327907 0.655814 -0.491861
v 0.491861 0.655814 -0.327907
v 0.192668 0.770673 -0.385336
v 0.327907 0.655814 0.491860
v 0.385336 0.770673 0.192668
v 0.491861 0.655814 0.327907
v 0.192668 0.770673 0.385336
v 0.192668 0.385336 0.770673
v 0.491861 0.327907 0.655814
v 0.385336 0.192668 0.770673
v 0.327907 0.491861 0.655814
v 0.192668 -0.385336 0.770673
v 0.491861 -0.327907 0.655814
v 0.327907 -0.491860 0.655814
v 0.385336 -0.192668 0.770673
v -0.491861 -0.327907 0.655814
v -0.192668 -0.385336 0.770673
v -0.327907 -0.491860 0.655814
v -0.385336 -0.192668 0.770673
v -0.770673 0.385336 0.192668
v -0.655814 0.327907 0.491860
v -0.770673 0.192668 0.385336
v -0.655814 0.491861 0.327907
v -0.770673 -0.385336 0.192668
v -0.655814 -0.327907 0.491861
v -0.655814 -0.491860 0.327907
v -0.770673 -0.192668 0.385336
v -0.655814 -0.327907 -0.491860
v -0.770673 -0.385336 -0.192668
v -0.655814 -0.491861 -0.327907
v -0.770673 -0.192668 -0.385336
v 0.385336 -0.770673 -0.192668
v 0.327907 -0.655814 -0.491860
v 0.192668 -0.770673 -0.385336
v 0.491861 -0.655814 -0.327907
v -0.385336 -0.770673 -0.192668
v -0.327907 -0.655814 -0.491860
v -0.491861 -0.655814 -0.327907
v -0.192668 -0.770673 -0.385336
v -0.327907 -0.655814 0.491861
v -0.385336 -0.770673 0.192668
v -0.491861 -0.655814 0.327907
v -0.192668 -0.770673 0.385336
v 0.770673 0.385336 -0.192668
v 0.655814 0.327907 -0.491861
v 0.770673 0.192668 -0.385336
v 0.655814 0.491860 -0.327907
v 0.770673 -0.385336 -0.192668
v 0.655814 -0.327907 -0.491860
v 0.655814 -0.491861 -0.327907
v 0.770673 -0.192668 -0.385336
v 0.655814 -0.327907 0.491861
v 0.770673 -0.385336 0.192668
v 0.655814 -0.491860 0.327907
v 0.770673 -0.192668 0.385336
v -0.192668 0.385336 -0.770673
v -0.491861 0.327907 -0.655814
v -0.385336 0.192668 -0.770673
v -0.327907 0.491860 -0.655814
v -0.192668 -0.385336 -0.770673
v -0.491861 -0.327907 -0.655814
v -0.327907 -0.491861 -0.655814
v -0.385336 -0.192668 -0.770673
v 0.491861 -0.327907 -0.655814
v 0.192668 -0.385336 -0.770673
v 0.327907 -0.491861 -0.655814
v 0.385336 -0.192668 -0.770673
v 0.491861 0.327907 -0.655814
v 0.192668 0.385336 -0.770673
v 0.385336 0.192668 -0.770673
v 0.327907 0.491860 -0.655814
v 0.655814 0.327907 0.491860
v 0.770673 0.385336 0.192668
v 0.770673 0.192668 0.385336
v 0.655814 0.491861 0.327907
v 0.327907 -0.655814 0.491861
v 0.385336 -0.770673 0.192668
v 0.192668 -0.770673 0.385336
v 0.491861 -0.655814 0.327907
v -0.655814 0.327907 -0.491861
v -0.770673 0.385336 -0.192668
v -0.770673 0.192668 -0.385336
v -0.655814 0.491860 -0.327907
v -0.491861 0.327907 0.655814
v -0.192668 0.385336 0.770673
v -0.385336 0.192668 0.770673
v -0.327907 0.491861 0.655814
v -0.327907 0.655814 0.491860
v -0.385336 0.770673 0.192668
v -0.192668 0.770673 0.385336
v -0.491861 0.655814 0.327907
v -0.519463 0.692617 0.173154
v -0.208105 0.832422 0.208105
v -0.173154 0.692617 0.519463
v -0.173154 0.519463 0.692617
v -0.208105 0.208106 0.832422
v -0.519463 0.173154 0.692617
v -0.692617 0.519463 -0.173154
v -0.832422 0.208105 -0.208105
v -0.692617 0.173154 -0.519463
v 0.519463 -0.692617 0.173154
v 0.208105 -0.832422 0.208106
v 0.173154 -0.692617 0.519463
v 0.692617 0.519463 0.173154
v 0.832422 0.208105 0.208105
v 0.692617 0.173154 0.519463
v 0.173154 0.519463 -0.692617
v 0.208105 0.208105 -0.832422
v 0.519463 0.173154 -0.692617
v 0.208105 -0.208106 -0.832422
v 0.173154 -0.519463 -0.692617
v 0.454257 -0.454257 -0.605676
v -0.519463 -0.173154 -0.692617
v -0.454257 -0.454257 -0.605676
v -0.173154 -0.519463 -0.692617
v -0.454257 0.454257 -0.605676
v -0.519463 0.173154 -0.692617
v -0.208105 0.208105 -0.832422
v 0.832422 -0.208105 0.208105
v 0.692617 -0.519463 0.173154
v 0.605676 -0.454257 0.454257
v 0.692617 -0.173154 -0.519463
v 0.605676 -0.454257 -0.454257
v 0.692617 -0.519463 -0.173154
v 0.605676 0.454257 -0.454257
v 0.692617 0.173154 -0.519463
v 0.832422 0.208105 -0.208105
v -0.208105 -0.832422 0.208106
v -0.519463 -0.692617 0.173154
v -0.454257 -0.605676 0.454257
v -0.173154 -0.692617 -0.519463
v -0.454257 -0.605676 -0.454257
v -0.519463 -0.692617 -0.173154
v 0.454257 -0.605676 -0.454257
v 0.173154 -0.692617 -0.519463
v 0.208105 -0.832422 -0.208105
v -0.832422 -0.208105 -0.208105
v -0.692617 -0.519463 -0.173154
v -0.605676 -0.454257 -0.454257
v -0.692617 -0.173154 0.519463
v -0.605676 -0.454257 0.454257
v -0.692617 -0.519463 0.173154
v -0.605676 0.454257 0.454257
v -0.692617 0.173154 0.519463
v -0.832422 0.208105 0.208105
v -0.208105 -0.208105 0.832422
v -0.173154 -0.519463 0.692617
v -0.454257 -0.454257 0.605676
v 0.519463 -0.173154 0.692617
v 0.454257 -0.454257 0.605676
v 0.173154 -0.519463 0.692617
v 0.454257 0.454257 0.605676
v 0.519463 0.173154 0.692617
v 0.208105 0.208106 0.832422
v 0.208105 0.832422 0.208105
v 0.519463 0.692617 0.173154
v 0.454257 0.605676 0.454257
v 0.173154 0.692617 -0.519463
v 0.454257 0.605676 -0.454257
v 0.519463 0.692617 -0.173154
v -0.454257 0.605676 -0.454257
v -0.173154 0.692617 -0.519463
v -0.208105 0.832422 -0.208106
v -0.519463 0.692617 -0.173154
v 0.208105 0.832422 -0.208106
v 0.173154 0.692617 0.519463
v 0.173154 0.519463 0.692617
v 0.208105 -0.208105 0.832422
v -0.519463 -0.173154 0.692617
v -0.692617 0.519463 0.173154
v -0.832422 -0.208105 0.208105
v -0.692617 -0.173154 -0.519463
v 0.519463 -0.692617 -0.173154
v -0.208105 -0.832422 -0.208105
v -0.173154 -0.692617 0.519463
v 0.692617 0.519463 -0.173154
v 0.832422 -0.208105 -0.208105
v 0.692617 -0.173154 0.519463
v -0.173154 0.519463 -0.692617
v -0.208105 -0.208106 -0.832422
v 0.519463 -0.173154 -0.692617
v 0.454257 0.454257 -0.605676
v 0.605676 0.454257 0.454257
v 0.454257 -0.605676 0.454257
v -0.605676 0.454257 -0.454257
v -0.454257 0.454257 0.605676
v -0.454257 0.605676 0.454257
v 0.530913 0.530913 0.464549
v -0.464549 0.530913 -0.530913
v -0.530913 0.530913 0.464549
v -0.464549 0.530913 0.530913
v -0.464549 -0.530913 0.530913
v 0.530913 -0.464549 0.530913
v -0.530913 -0.464549 0.530913
v -0.530913 -0.530913 0.464549
v -0.530913 -0.464549 -0.530913
v -0.464549 -0.530913 -0.530913
v 0.530913 -0.530913 0.464549
v 0.530913 -0.464549 -0.530913
v 0.621892 0.621892 -0.077737
v 0.077736 0.621892 -0.621892
v -0.621892 0.621892 -0.077737
v 0.077736 0.621892 0.621892
v 0.077736 -0.621892 0.621892
v 0.621892 0.077737 0.621892
v -0.621892 0.077737 0.621892
v -0.621892 -0.621892 -0.077736
v -0.621892 0.077736 -0.621892
v 0.077736 -0.621892 -0.621892
v 0.621892 -0.621892 -0.077736
v 0.621892 0.077736 -0.621892
v 0.581405 -0.000000 -0.664463
v -0.109512 -0.000000 -0.876099
v -0.000000 -0.581405 -0.664463
v 0.000000 0.109512 -0.876099
v 0.664463 0.000000 0.581405
v 0.876099 -0.000000 -0.109512
v 0.664463 -0.581405 0.000000
v 0.876099 0.109512 -0.000000
v -0.000000 -0.664463 0.581405
v 0.000000 -0.876099 -0.109512
v -0.581405 -0.664463 0.000000
v 0.109512 -0.876099 0.000000
v -0.664463 -0.000000 -0.581405
v -0.876099 0.000000 0.109512
v -0.664463 -0.581405 0.000000
v -0.876099 0.109512 -0.000000
v -0.581405 0.000000 0.664463
v 0.109512 0.000000 0.876099
v -0.000000 -0.581405 0.664463
v 0.000000 0.109512 0.876099
v -0.000000 0.664463 0.581405
v 0.000000 0.876099 -0.109512
v 0.581405 0.664463 -0.000000
v -0.109512 0.876099 -0.000000
v 0.603461 0.603461 0.226298
v -0.226298 0.603461 -0.603461
v -0.603461 0.603461 0.226298
v -0.226298 0.603461 0.603461
v -0.226298 -0.603461 0.603461
v 0.603461 -0.226298 0.603461
v -0.603461 -0.226298 0.603461
v -0.603461 -0.603461 0.226298
v -0.603461 -0.226298 -0.603461
v -0.226298 -0.603461 -0.603461
v 0.603461 -0.603461 0.226298
v 0.603461 -0.226298 -0.603461
v 0.571037 0.571037 -0.356898
v 0.356898 0.571037 -0.571037
v -0.571037 0.571037 -0.356898
v 0.356898 0.571037 0.571037
v 0.356898 -0.571037 0.571037
v 0.571037 0.356898 0.571037
v -0.571037 0.356898 0.571037
v -0.571037 -0.571037 -0.356898
v -0.571037 0.356898 -0.571037
v 0.356898 -0.571037 -0.571037
v 0.571037 -0.571037 -0.356898
v 0.571037 0.356898 -0.571037
v 0.310013 -0.000000 -0.826701
v -0.467945 -0.000000 -0.748712
v 0.000000 -0.310013 -0.826701
v 0.000000 0.467945 -0.748712
v 0.826701 0.000000 0.310013
v 0.748712 -0.000000 -0.467945
v 0.826701 -0.310013 0.000000
v 0.748712 0.467945 -0.000000
v 0.000000 -0.826701 0.310013
v 0.000000 -0.748712 -0.467945
v -0.310013 -0.826701 0.000000
v 0.467945 -0.748712 0.000000
v -0.826701 -0.000000 -0.310013
v -0.748712 0.000000 0.467945
v -0.826701 -0.310013 0.000000
v -0.748712 0.467945 -0.000000
v -0.310013 0.000000 0.826701
v 0.467945 0.000000 0.748712
v 0.000000 -0.310013 0.826701
v 0.000000 0.467945 0.748712
v 0.000000 0.826701 0.310013
v 0.000000 0.748712 -0.467945
v 0.310013 0.826701 -0.000000
v -0.467945 0.748712 -0.000000
v -0.392407 0.784815 -0.098102
v -0.344655 0.689311 -0.430819
v -0.098102 0.784815 -0.392407
v -0.430819 0.689311 -0.344655
v 0.392407 0.784815 -0.098102
v 0.344655 0.689311 -0.430819
v 0.544155 0.621892 -0.310946
v 0.280767 0.748712 -0.374356
v 0.310946 0.621892 0.544155
v 0.374356 0.748712 0.280767
v 0.544155 0.621892 0.310946
v 0.280767 0.748712 0.374356
v 0.098102 0.392407 0.784815
v 0.430819 0.344655 0.689311
v 0.392407 0.098102 0.784815
v 0.344655 0.430819 0.689311
v 0.098102 -0.392407 0.784815
v 0.430819 -0.344655 0.689311
v 0.310946 -0.544155 0.621892
v 0.374356 -0.280767 0.748712
v -0.544155 -0.310946 0.621892
v -0.280767 -0.374356 0.748712
v -0.310946 -0.544155 0.621892
v -0.374356 -0.280767 0.748712
v -0.784815 0.392407 0.098102
v -0.689311 0.344655 0.430819
v -0.784815 0.098102 0.392407
v -0.689311 0.430819 0.344655
v -0.784815 -0.392407 0.098102
v -0.689311 -0.344655 0.430819
v -0.621892 -0.544155 0.310946
v -0.748712 -0.280767 0.374356
v -0.621892 -0.310946 -0.544155
v -0.748712 -0.374356 -0.280767
v -0.621892 -0.544155 -0.310946
v -0.748712 -0.280767 -0.374356
v 0.392407 -0.784815 -0.098102
v 0.344655 -0.689311 -0.430819
v 0.098102 -0.784815 -0.392407
v 0.430819 -0.689311 -0.344655
v -0.392407 -0.784815 -0.098102
v -0.344655 -0.689311 -0.430819
v -0.544155 -0.621892 -0.310946
v -0.280767 -0.748712 -0.374356
v -0.310946 -0.621892 0.544155
v -0.374356 -0.748712 0.280767
v -0.544155 -0.621892 0.310946
v -0.280767 -0.748712 0.374356
v 0.784815 0.392407 -0.098102
v 0.689311 0.344655 -0.430819
v 0.784815 0.098102 -0.392407
v 0.689311 0.430819 -0.344655
v 0.784815 -0.392407 -0.098102
v 0.689311 -0.344655 -0.430819
v 0.621892 -0.544155 -0.310946
v 0.748712 -0.280767 -0.374356
v 0.621892 -0.310946 0.544155
v 0.748712 -0.374356 0.280767
v 0.621892 -0.544155 0.310946
v 0.748712 -0.280767 0.374356
v -0.098102 0.392407 -0.784815
v -0.430819 0.344655 -0.689311
v -0.392407 0.098102 -0.784815
v -0.344655 0.430819 -0.689311
v -0.098102 -0.392407 -0.784815
v -0.430819 -0.344655 -0.689311
v -0.310946 -0.544155 -0.621892
v -0.374356 -0.280767 -0.748712
v 0.544155 -0.310946 -0.621892
v 0.280767 -0.374356 -0.748712
v 0.310946 -0.544155 -0.621892
v 0.374356 -0.280767 -0.748712
v 0.544155 0.310946 -0.621892
v 0.280767 0.374356 -0.748712
v 0.392407 0.098102 -0.784815
v 0.344655 0.430819 -0.689311
v 0.621892 0.310946 0.544155
v 0.748712 0.374356 0.280767
v 0.784815 0.098102 0.392407
v 0.689311 0.430819 0.344655
v 0.310946 -0.621892 0.544155
v 0.374356 -0.748712 0.280767
v 0.098102 -0.784815 0.392407
v 0.430819 -0.689311 0.344655
v -0.621892 0.310946 -0.544155
v -0.748712 0.374356 -0.280767
v -0.784815 0.098102 -0.392407
v -0.689311 0.430819 -0.344655
v -0.544155 0.310946 0.621892
v -0.280767 0.374356 0.748712
v -0.392407 0.098102 0.784815
v -0.344655 0.430819 0.689311
v -0.310946 0.621892 0.544155
v -0.374356 0.748712 0.280767
v -0.098102 0.784815 0.392407
v -0.430819 0.689311 0.344655
v 0.571037 0.571037 0.356898
v -0.356898 0.571037 -0.571037
v -0.571037 0.571037 0.356898
v -0.356898 0.571037 0.571037
v -0.356898 -0.571037 0.571037
v 0.571037 -0.356898 0.571037
v -0.571037 -0.356898 0.571037
v -0.571037 -0.571037 0.356898
v -0.571037 -0.356898 -0.571037
v -0.356898 -0.571037 -0.571037
v 0.571037 -0.571037 0.356898
v 0.571037 -0.356898 -0.571037
v 0.603461 0.603461 -0.226298
v 0.226298 0.603461 -0.603461
v -0.603461 0.603461 -0.226298
v 0.226298 0.603461 0.603461
v 0.226298 -0.603461 0.603461
v 0.603461 0.226298 0.603461
v -0.603461 0.226298 0.603461
v -0.603461 -0.603461 -0.226298
v -0.603461 0.226298 -0.603461
v 0.226298 -0.603461 -0.603461
v 0.603461 -0.603461 -0.226298
v 0.603461 0.226298 -0.603461
v 0.467945 -0.000000 -0.748712
v -0.310013 -0.000000 -0.826701
v 0.000000 -0.467945 -0.748712
v 0.000000 0.310013 -0.826701
v 0.748712 0.000000 0.467945
v 0.826701 -0.000000 -0.310013
v 0.748712 -0.467945 0.000000
v 0.826701 0.310013 -0.000000
v 0.000000 -0.748712 0.467945
v 0.000000 -0.826701 -0.310013
v -0.467945 -0.748712 0.000000
v 0.310013 -0.826701 0.000000
v -0.748712 -0.000000 -0.467945
v -0.826701 0.000000 0.310013
v -0.748712 -0.467945 0.000000
v -0.826701 0.310013 -0.000000
v -0.467945 0.000000 0.748712
v 0.310013 0.000000 0.826701
v 0.000000 -0.467945 0.748712
v 0.000000 0.310013 0.826701
v 0.000000 0.748712 0.467945
v 0.000000 0.826701 -0.310013
v 0.467945 0.748712 -0.000000
v -0.310013 0.826701 -0.000000
v 0.621892 0.621892 0.077736
v -0.077736 0.621892 -0.621892
v -0.621892 0.621892 0.077736
v -0.077736 0.621892 0.621892
v -0.077736 -0.621892 0.621892
v 0.621892 -0.077736 0.621892
v -0.621892 -0.077736 0.621892
v -0.621892 -0.621892 0.077737
v -0.621892 -0.077737 -0.621892
v -0.077736 -0.621892 -0.621892
v 0.621892 -0.621892 0.077737
v 0.621892 -0.077737 -0.621892
v 0.530913 0.530913 -0.464549
v 0.464549 0.530913 -0.530913
v -0.530913 0.530913 -0.464549
v 0.464549 0.530913 0.530913
v 0.464549 -0.530913 0.530913
v 0.530913 0.464549 0.530913
v -0.530913 0.464549 0.530913
v -0.530913 -0.530913 -0.464549
v -0.530913 0.464549 -0.530913
v 0.464549 -0.530913 -0.530913
v 0.530913 -0.530913 -0.464549
v 0.530913 0.464549 -0.530913
v 0.109512 -0.000000 -0.876099
v -0.581405 -0.000000 -0.664463
v 0.000000 -0.109512 -0.876099
v -0.000000 0.581405 -0.664463
v 0.876099 0.000000 0.109512
v 0.664463 -0.000000 -0.581405
v 0.876099 -0.109512 0.000000
v 0.664463 0.581405 -0.000000
v 0.000000 -0.876099 0.109512
v -0.000000 -0.664463 -0.581405
v -0.109512 -0.876099 0.000000
v 0.581405 -0.664463 0.000000
v -0.876099 -0.000000 -0.109512
v -0.664463 0.000000 0.581405
v -0.876099 -0.109512 0.000000
v -0.664463 0.581405 -0.000000
v -0.109512 0.000000 0.876099
v 0.581405 0.000000 0.664463
v 0.000000 -0.109512 0.876099
v -0.000000 0.581405 0.664463
v 0.000000 0.876099 0.109512
v -0.000000 0.664463 -0.581405
v 0.109512 0.876099 -0.000000
v -0.581405 0.664463 -0.000000
v -0.374356 0.748712 -0.280767
v -0.310946 0.621892 -0.544155
v -0.280767 0.748712 -0.374356
v -0.544155 0.621892 -0.310946
v 0.374356 0.748712 -0.280767
v 0.310946 0.621892 -0.544155
v 0.430819 0.689311 -0.344655
v 0.098102 0.784815 -0.392407
v 0.344655 0.689311 0.430819
v 0.392407 0.784815 0.098102
v 0.430819 0.689311 0.344655
v 0.098102 0.784815 0.392407
v 0.280767 0.374356 0.748712
v 0.544155 0.310946 0.621892
v 0.374356 0.280767 0.748712
v 0.310946 0.544155 0.621892
v 0.280767 -0.374356 0.748712
v 0.544155 -0.310946 0.621892
v 0.344655 -0.430819 0.689311
v 0.392407 -0.098102 0.784815
v -0.430819 -0.344655 0.689311
v -0.098102 -0.392407 0.784815
v -0.344655 -0.430819 0.689311
v -0.392407 -0.098102 0.784815
v -0.748712 0.374356 0.280767
v -0.621892 0.310946 0.544155
v -0.748712 0.280767 0.374356
v -0.621892 0.544155 0.310946
v -0.748712 -0.374356 0.280767
v -0.621892 -0.310946 0.544155
v -0.689311 -0.430819 0.344655
v -0.784815 -0.098102 0.392407
v -0.689311 -0.344655 -0.430819
v -0.784815 -0.392407 -0.098102
v -0.689311 -0.430819 -0.344655
v -0.784815 -0.098102 -0.392407
v 0.374356 -0.748712 -0.280767
v 0.310946 -0.621892 -0.544155
v 0.280767 -0.748712 -0.374356
v 0.544155 -0.621892 -0.310946
v -0.374356 -0.748712 -0.280767
v -0.310946 -0.621892 -0.544155
v -0.430819 -0.689311 -0.344655
v -0.098102 -0.784815 -0.392407
v -0.344655 -0.689311 0.430819
v -0.392407 -0.784815 0.098102
v -0.430819 -0.689311 0.344655
v -0.098102 -0.784815 0.392407
v 0.748712 0.374356 -0.280767
v 0.621892 0.310946 -0.544155
v 0.748712 0.280767 -0.374356
v 0.621892 0.544155 -0.310946
v 0.748712 -0.374356 -0.280767
v 0.621892 -0.310946 -0.544155
v 0.689311 -0.430819 -0.344655
v 0.784815 -0.098102 -0.392407
v 0.689311 -0.344655 0.430819
v 0.784815 -0.392407 0.098102
v 0.689311 -0.430819 0.344655
v 0.784815 -0.098102 0.392407
v -0.280767 0.374356 -0.748712
v -0.544155 0.310946 -0.621892
v -0.374356 0.280767 -0.748712
v -0.310946 0.544155 -0.621892
v -0.280767 -0.374356 -0.748712
v -0.544155 -0.310946 -0.621892
v -0.344655 -0.430819 -0.689311
v -0.392407 -0.098102 -0.784815
v 0.430819 -0.344655 -0.689311
v 0.098102 -0.392407 -0.784815
v 0.344655 -0.430819 -0.689311
v 0.392407 -0.098102 -0.784815
v 0.430819 0.344655 -0.689311
v 0.098102 0.392407 -0.784815
v 0.374356 0.280767 -0.748712
v 0.310946 0.544155 -0.621892
v 0.689311 0.344655 0.430819
v 0.784815 0.392407 0.098102
v 0.748712 0.280767 0.374356
v 0.621892 0.544155 0.310946
v 0.344655 -0.689311 0.430819
v 0.392407 -0.784815 0.098102
v 0.280767 -0.748712 0.374356
v 0.544155 -0.621892 0.310946
v -0.689311 0.344655 -0.430819
v -0.784815 0.392407 -0.098102
v -0.748712 0.280767 -0.374356
v -0.621892 0.544155 -0.310946
v -0.430819 0.344655 0.689311
v -0.098102 0.392407 0.784815
v -0.374356 0.280767 0.748712
v -0.310946 0.544155 0.621892
v -0.344655 0.689311 0.430819
v -0.392407 0.784815 0.098102
v -0.280767 0.748712 0.374356
v -0.544155 0.621892 0.310946
v -0.507409 0.676545 0.253704
v -0.527121 0.702828 0.087853
v -0.457771 0.732434 0.183108
v -0.571380 0.653005 0.163251
v -0.201235 0.804942 0.301853
v -0.212581 0.850326 0.106291
v -0.106291 0.850326 0.212581
v -0.301853 0.804942 0.201235
v -0.163251 0.653005 0.571380
v -0.183108 0.732434 0.457771
v -0.087853 0.702828 0.527121
v -0.253704 0.676545 0.507408
v -0.253704 0.507409 0.676545
v -0.087853 0.527121 0.702828
v -0.183108 0.457771 0.732434
v -0.163251 0.571380 0.653005
v -0.301853 0.201235 0.804942
v -0.106291 0.212581 0.850326
v -0.212581 0.106291 0.850326
v -0.201235 0.301853 0.804942
v -0.571380 0.163251 0.653005
v -0.457771 0.183108 0.732434
v -0.527121 0.087854 0.702828
v -0.507409 0.253704 0.676545
v -0.676545 0.507409 -0.253704
v -0.702828 0.527121 -0.087854
v -0.732434 0.457771 -0.183108
v -0.653005 0.571380 -0.163251
v -0.804942 0.201235 -0.301853
v -0.850326 0.212581 -0.106291
v -0.850326 0.106291 -0.212581
v -0.804942 0.301853 -0.201235
v -0.653005 0.163251 -0.571380
v -0.732434 0.183108 -0.457771
v -0.702828 0.087853 -0.527121
v -0.676545 0.253704 -0.507409
v 0.507409 -0.676545 0.253704
v 0.527121 -0.702828 0.087854
v 0.457771 -0.732434 0.183108
v 0.571380 -0.653005 0.163251
v 0.201235 -0.804942 0.301853
v 0.212581 -0.850326 0.106291
v 0.106291 -0.850326 0.212581
v 0.301853 -0.804942 0.201235
v 0.163251 -0.653005 0.571380
v 0.183108 -0.732434 0.457771
v 0.087853 -0.702828 0.527121
v 0.253704 -0.676545 0.507409
v 0.676545 0.507409 0.253704
v 0.702828 0.527121 0.087853
v 0.732434 0.457771 0.183108
v 0.653005 0.571380 0.163251
v 0.804942 0.201235 0.301853
v 0.850326 0.212581 0.106291
v 0.850326 0.106291 0.212581
v 0.804942 0.301853 0.201235
v 0.653005 0.163251 0.571380
v 0.732434 0.183108 0.457771
v 0.702828 0.087854 0.527121
v 0.676545 0.253704 0.507409
v 0.253704 0.507408 -0.676545
v 0.087853 0.527121 -0.702828
v 0.183108 0.457771 -0.732434
v 0.163251 0.571380 -0.653005
v 0.301853 0.201235 -0.804942
v 0.106291 0.212581 -0.850326
v 0.212581 0.106291 -0.850326
v 0.201235 0.301853 -0.804942
v 0.571380 0.163251 -0.653005
v 0.457771 0.183108 -0.732434
v 0.527121 0.087853 -0.702828
v 0.507409 0.253704 -0.676545
v 0.301853 -0.201235 -0.804942
v 0.106291 -0.212581 -0.850326
v 0.201235 -0.301853 -0.804942
v 0.212581 -0.106291 -0.850326
v 0.253704 -0.507409 -0.676545
v 0.087853 -0.527121 -0.702828
v 0.163251 -0.571380 -0.653005
v 0.183108 -0.457771 -0.732434
v 0.506319 -0.433988 -0.578651
v 0.394852 -0.473823 -0.631764
v 0.433988 -0.506320 -0.578651
v 0.473823 -0.394852 -0.631764
v -0.457771 -0.183108 -0.732434
v -0.571380 -0.163251 -0.653005
v -0.507409 -0.253704 -0.676545
v -0.527121 -0.087854 -0.702828
v -0.394852 -0.473823 -0.631764
v -0.506319 -0.433988 -0.578651
v -0.433988 -0.506320 -0.578651
v -0.473823 -0.394852 -0.631764
v -0.087853 -0.527121 -0.702828
v -0.253704 -0.507409 -0.676545
v -0.163251 -0.571380 -0.653005
v -0.183108 -0.457771 -0.732434
v -0.394852 0.473823 -0.631764
v -0.506319 0.433988 -0.578651
v -0.473823 0.394852 -0.631764
v -0.433988 0.506319 -0.578651
v -0.457771 0.183108 -0.732434
v -0.571380 0.163251 -0.653005
v -0.527121 0.087853 -0.702828
v -0.507409 0.253704 -0.676545
v -0.106291 0.212581 -0.850326
v -0.301853 0.201235 -0.804942
v -0.212581 0.106291 -0.850326
v -0.201235 0.301853 -0.804942
v 0.804942 -0.201235 0.301853
v 0.850326 -0.212581 0.106291
v 0.804942 -0.301853 0.201235
v 0.850326 -0.106291 0.212581
v 0.676545 -0.507409 0.253704
v 0.702828 -0.527121 0.087854
v 0.653005 -0.571380 0.163251
v 0.732434 -0.457771 0.183108
v 0.578651 -0.433988 0.506320
v 0.631764 -0.473823 0.394852
v 0.578651 -0.506319 0.433988
v 0.631764 -0.394852 0.473823
v 0.732434 -0.183108 -0.457771
v 0.653005 -0.163251 -0.571380
v 0.676545 -0.253704 -0.507409
v 0.702828 -0.087854 -0.527121
v 0.631764 -0.473823 -0.394852
v 0.578651 -0.433988 -0.506319
v 0.578651 -0.506320 -0.433988
v 0.631764 -0.394852 -0.473823
v 0.702828 -0.527121 -0.087853
v 0.676545 -0.507409 -0.253704
v 0.653005 -0.571380 -0.163251
v 0.732434 -0.457771 -0.183108
v 0.631764 0.473823 -0.394852
v 0.578651 0.433988 -0.506320
v 0.631764 0.394852 -0.473823
v 0.578651 0.506319 -0.433988
v 0.732434 0.183108 -0.457771
v 0.653005 0.163251 -0.571380
v 0.702828 0.087853 -0.527121
v 0.676545 0.253704 -0.507409
v 0.850326 0.212581 -0.106291
v 0.804942 0.201235 -0.301853
v 0.850326 0.106291 -0.212581
v 0.804942 0.301853 -0.201235
v -0.201235 -0.804942 0.301853
v -0.212581 -0.850326 0.106291
v -0.301853 -0.804942 0.201235
v -0.106291 -0.850326 0.212581
v -0.507409 -0.676545 0.253704
v -0.527121 -0.702828 0.087854
v -0.571380 -0.653005 0.163251
v -0.457771 -0.732434 0.183108
v -0.433988 -0.578651 0.506320
v -0.473823 -0.631764 0.394852
v -0.506319 -0.578651 0.433988
v -0.394852 -0.631764 0.473823
v -0.183108 -0.732434 -0.457771
v -0.163251 -0.653005 -0.571380
v -0.253704 -0.676545 -0.507408
v -0.087853 -0.702828 -0.527121
v -0.473823 -0.631764 -0.394852
v -0.433988 -0.578651 -0.506319
v -0.506319 -0.578651 -0.433988
v -0.394852 -0.631764 -0.473823
v -0.527121 -0.702828 -0.087853
v -0.507409 -0.676545 -0.253704
v -0.571380 -0.653005 -0.163251
v -0.457771 -0.732434 -0.183108
v 0.473823 -0.631764 -0.394852
v 0.433988 -0.578651 -0.506319
v 0.394852 -0.631764 -0.473823
v 0.506319 -0.578651 -0.433988
v 0.183108 -0.732434 -0.457771
v 0.163251 -0.653005 -0.571380
v 0.087853 -0.702828 -0.527121
v 0.253704 -0.676545 -0.507408
v 0.212581 -0.850326 -0.106291
v 0.201235 -0.804942 -0.301853
v 0.106291 -0.850326 -0.212581
v 0.301853 -0.804942 -0.201235
v -0.804942 -0.201235 -0.301853
v -0.850326 -0.212581 -0.106291
v -0.804942 -0.301853 -0.201235
v -0.850326 -0.106291 -0.212581
v -0.676545 -0.507409 -0.253704
v -0.702828 -0.527121 -0.087853
v -0.653005 -0.571380 -0.163251
v -0.732434 -0.457771 -0.183108
v -0.578651 -0.433988 -0.506319
v -0.631764 -0.473823 -0.394852
v -0.578651 -0.506320 -0.433988
v -0.631764 -0.394852 -0.473823
v -0.732434 -0.183108 0.457771
v -0.653005 -0.163251 0.571380
v -0.676545 -0.253704 0.507409
v -0.702828 -0.087853 0.527121
v -0.631764 -0.473823 0.394852
v -0.578651 -0.433988 0.506320
v -0.578651 -0.506319 0.433988
v -0.631764 -0.394852 0.473823
v -0.702828 -0.527121 0.087854
v -0.676545 -0.507409 0.253704
v -0.653005 -0.571380 0.163251
v -0.732434 -0.457771 0.183108
v -0.631764 0.473823 0.394852
v -0.578651 0.433988 0.506319
v -0.631764 0.394852 0.473823
v -0.578651 0.506320 0.433988
v -0.732434 0.183108 0.457771
v -0.653005 0.163251 0.571380
v -0.702828 0.087854 0.527121
v -0.676545 0.253704 0.507409
v -0.850326 0.212581 0.106291
v -0.804942 0.201235 0.301853
v -0.850326 0.106291 0.212581
v -0.804942 0.301853 0.201235
v -0.301853 -0.201235 0.804942
v -0.106291 -0.212581 0.850326
v -0.201235 -0.301853 0.804942
v -0.212581 -0.106291 0.850326
v -0.253704 -0.507408 0.676545
v -0.087853 -0.527121 0.702828
v -0.163251 -0.571380 0.653005
v -0.183108 -0.457771 0.732434
v -0.506319 -0.433988 0.578651
v -0.394852 -0.473823 0.631764
v -0.433988 -0.506319 0.578651
v -0.473823 -0.394852 0.631764
v 0.457771 -0.183108 0.732434
v 0.571380 -0.163251 0.653005
v 0.507409 -0.253704 0.676545
v 0.527121 -0.087853 0.702828
v 0.394852 -0.473823 0.631764
v 0.506319 -0.433988 0.578651
v 0.433988 -0.506319 0.578651
v 0.473823 -0.394852 0.631764
v 0.087853 -0.527121 0.702828
v 0.253704 -0.507408 0.676545
v 0.163251 -0.571380 0.653005
v 0.183108 -0.457771 0.732434
v 0.394852 0.473823 0.631764
v 0.506319 0.433988 0.578651
v 0.473823 0.394852 0.631764
v 0.433988 0.506320 0.578651
v 0.457771 0.183108 0.732434
v 0.571380 0.163251 0.653005
v 0.527121 0.087854 0.702828
v 0.507409 0.253704 0.676545
v 0.106291 0.212581 0.850326
v 0.301853 0.201235 0.804942
v 0.212581 0.106291 0.850326
v 0.201235 0.301853 0.804942
v 0.201235 0.804942 0.301853
v 0.212581 0.850326 0.106291
v 0.301853 0.804942 0.201235
v 0.106291 0.850326 0.212581
v 0.507409 0.676545 0.253704
v 0.527121 0.702828 0.087853
v 0.571380 0.653005 0.163251
v 0.457771 0.732434 0.183108
v 0.433988 0.578651 0.506319
v 0.473823 0.631764 0.394852
v 0.506319 0.578651 0.433988
v 0.394852 0.631764 0.473823
v 0.183108 0.732434 -0.457771
v 0.163251 0.653005 -0.571380
v 0.253704 0.676545 -0.507409
v 0.087853 0.702828 -0.527121
v 0.473823 0.631764 -0.394852
v 0.433988 0.578651 -0.506320
v 0.506319 0.578651 -0.433988
v 0.394852 0.631764 -0.473823
v 0.527121 0.702828 -0.087854
v 0.507409 0.676545 -0.253704
v 0.571380 0.653005 -0.163251
v 0.457771 0.732434 -0.183108
v -0.473823 0.631764 -0.394852
v -0.433988 0.578651 -0.506320
v -0.394852 0.631764 -0.473823
v -0.506319 0.578651 -0.433988
v -0.183108 0.732434 -0.457771
v -0.163251 0.653005 -0.571380
v -0.087853 0.702828 -0.527121
v -0.253704 0.676545 -0.507409
v -0.212581 0.850326 -0.106291
v -0.201235 0.804942 -0.301853
v -0.106291 0.850326 -0.212581
v -0.301853 0.804942 -0.201235
v -0.527121 0.702828 -0.087854
v -0.507409 0.676545 -0.253704
v -0.457771 0.732434 -0.183108
v -0.571380 0.653005 -0.163251
v 0.212581 0.850326 -0.106291
v 0.201235 0.804942 -0.301853
v 0.301853 0.804942 -0.201235
v 0.106291 0.850326 -0.212581
v 0.163251 0.653005 0.571380
v 0.183108 0.732434 0.457771
v 0.253704 0.676545 0.507408
v 0.087853 0.702828 0.527121
v 0.087853 0.527121 0.702828
v 0.253704 0.507409 0.676545
v 0.183108 0.457771 0.732434
v 0.163251 0.571380 0.653005
v 0.106291 -0.212581 0.850326
v 0.301853 -0.201235 0.804942
v 0.201235 -0.301853 0.804942
v 0.212581 -0.106291 0.850326
v -0.571380 -0.163251 0.653005
v -0.457771 -0.183108 0.732434
v -0.507409 -0.253704 0.676545
v -0.527121 -0.087853 0.702828
v -0.702828 0.527121 0.087853
v -0.676545 0.507409 0.253704
v -0.732434 0.457771 0.183108
v -0.653005 0.571380 0.163251
v -0.850326 -0.212581 0.106291
v -0.804942 -0.201235 0.301853
v -0.804942 -0.301853 0.201235
v -0.850326 -0.106291 0.212581
v -0.653005 -0.163251 -0.571380
v -0.732434 -0.183108 -0.457771
v -0.676545 -0.253704 -0.507409
v -0.702828 -0.087854 -0.527121
v 0.527121 -0.702828 -0.087853
v 0.507409 -0.676545 -0.253704
v 0.457771 -0.732434 -0.183108
v 0.571380 -0.653005 -0.163251
v -0.212581 -0.850326 -0.106291
v -0.201235 -0.804942 -0.301853
v -0.301853 -0.804942 -0.201235
v -0.106291 -0.850326 -0.212581
v -0.163251 -0.653005 0.571380
v -0.183108 -0.732434 0.457771
v -0.253704 -0.676545 0.507409
v -0.087853 -0.702828 0.527121
v 0.702828 0.527121 -0.087854
v 0.676545 0.507409 -0.253704
v 0.732434 0.457771 -0.183108
v 0.653005 0.571380 -0.163251
v 0.850326 -0.212581 -0.106291
v 0.804942 -0.201235 -0.301853
v 0.804942 -0.301853 -0.201235
v 0.850326 -0.106291 -0.212581
v 0.653005 -0.163251 0.571380
v 0.732434 -0.183108 0.457771
v 0.676545 -0.253704 0.507409
v 0.702828 -0.087853 0.527121
v -0.087853 0.527121 -0.702828
v -0.253704 0.507408 -0.676545
v -0.183108 0.457771 -0.732434
v -0.163251 0.571380 -0.653005
v -0.106291 -0.212581 -0.850326
v -0.301853 -0.201235 -0.804942
v -0.201235 -0.301853 -0.804942
v -0.212581 -0.106291 -0.850326
v 0.571380 -0.163251 -0.653005
v 0.457771 -0.183108 -0.732434
v 0.507409 -0.253704 -0.676545
v 0.527121 -0.087854 -0.702828
v 0.506319 0.433988 -0.578651
v 0.394852 0.473823 -0.631764
v 0.473823 0.394852 -0.631764
v 0.433988 0.506319 -0.578651
v 0.578651 0.433988 0.506319
v 0.631764 0.473823 0.394852
v 0.631764 0.394852 0.473823
v 0.578651 0.506320 0.433988
v 0.433988 -0.578651 0.506320
v 0.473823 -0.631764 0.394852
v 0.394852 -0.631764 0.473823
v 0.506319 -0.578651 0.433988
v -0.578651 0.433988 -0.506320
v -0.631764 0.473823 -0.394852
v -0.631764 0.394852 -0.473823
v -0.578651 0.506319 -0.433988
v -0.506319 0.433988 0.578651
v -0.394852 0.473823 0.631764
v -0.473823 0.394852 0.631764
v -0.433988 0.506320 0.578651
v -0.433988 0.578651 0.506319
v -0.473823 0.631764 0.394852
v -0.394852 0.631764 0.473823
v -0.506319 0.578651 0.433988
v -0.526112 0.601271 0.375794
v -0.413464 0.661542 0.413464
v -0.375794 0.601271 0.526112
v -0.375794 0.526112 0.601271
v -0.413464 0.413464 0.661542
v -0.526112 0.375794 0.601271
v -0.601271 0.526112 -0.375794
v -0.661542 0.413464 -0.413464
v -0.601271 0.375794 -0.526112
v 0.526112 -0.601271 0.375794
v 0.413464 -0.661542 0.413464
v 0.375794 -0.601271 0.526112
v 0.601271 0.526112 0.375794
v 0.661542 0.413464 0.413464
v 0.601271 0.375794 0.526112
v 0.375794 0.526112 -0.601271
v 0.413464 0.413464 -0.661542
v 0.526112 0.375794 -0.601271
v 0.465338 -0.093068 -0.744541
v 0.445940 -0.267564 -0.713504
v 0.559549 -0.239807 -0.639484
v -0.307911 -0.102637 -0.821096
v -0.292506 -0.292506 -0.780015
v -0.102637 -0.307911 -0.821096
v -0.239807 0.559549 -0.639484
v -0.267564 0.445940 -0.713504
v -0.093068 0.465338 -0.744541
v 0.744541 -0.093068 0.465338
v 0.713504 -0.267564 0.445940
v 0.639484 -0.239807 0.559549
v 0.821096 -0.102637 -0.307911
v 0.780015 -0.292506 -0.292505
v 0.821096 -0.307911 -0.102637
v 0.639484 0.559549 -0.239807
v 0.713504 0.445940 -0.267564
v 0.744541 0.465338 -0.093068
v -0.093068 -0.744541 0.465338
v -0.267564 -0.713504 0.445940
v -0.239807 -0.639484 0.559549
v -0.102637 -0.821096 -0.307911
v -0.292506 -0.780015 -0.292505
v -0.307911 -0.821096 -0.102637
v 0.559549 -0.639484 -0.239807
v 0.445940 -0.713504 -0.267564
v 0.465338 -0.744541 -0.093068
v -0.744541 -0.093068 -0.465338
v -0.713504 -0.267564 -0.445940
v -0.639484 -0.239807 -0.559549
v -0.821096 -0.102637 0.307911
v -0.780015 -0.292505 0.292506
v -0.821096 -0.307911 0.102637
v -0.639484 0.559549 0.239807
v -0.713504 0.445940 0.267564
v -0.744541 0.465338 0.093068
v -0.465338 -0.093068 0.744541
v -0.445940 -0.267564 0.713504
v -0.559549 -0.239807 0.639484
v 0.307911 -0.102637 0.821096
v 0.292506 -0.292505 0.780015
v 0.102637 -0.307911 0.821096
v 0.239807 0.559549 0.639484
v 0.267564 0.445940 0.713504
v 0.093068 0.465338 0.744541
v 0.093068 0.744541 0.465338
v 0.267564 0.713504 0.445940
v 0.239807 0.639484 0.559548
v 0.102637 0.821096 -0.307911
v 0.292506 0.780015 -0.292506
v 0.307911 0.821096 -0.102637
v -0.559549 0.639484 -0.239807
v -0.445940 0.713504 -0.267564
v -0.465338 0.744541 -0.093068
v -0.292506 0.780015 -0.292506
v -0.102637 0.821096 -0.307911
v -0.108680 0.869436 -0.108680
v -0.239807 0.639484 -0.559549
v -0.082693 0.661542 -0.578849
v -0.093068 0.744541 -0.465338
v -0.485579 0.554948 -0.485579
v -0.375794 0.601271 -0.526112
v -0.413464 0.661542 -0.413464
v 0.445940 0.713504 -0.267564
v 0.559549 0.639484 -0.239807
v 0.578849 0.661542 -0.082693
v 0.375794 0.601271 -0.526112
v 0.485579 0.554948 -0.485579
v 0.526112 0.601271 -0.375794
v 0.082693 0.661542 -0.578849
v 0.239807 0.639484 -0.559549
v 0.267564 0.713504 -0.445940
v 0.413464 0.661542 0.413464
v 0.526112 0.601271 0.375794
v 0.485579 0.554948 0.485579
v 0.465338 0.744541 0.093068
v 0.578849 0.661542 0.082693
v 0.559549 0.639484 0.239807
v 0.108680 0.869436 0.108679
v 0.307911 0.821096 0.102637
v 0.292506 0.780015 0.292505
v 0.292506 0.292506 0.780015
v 0.307911 0.102637 0.821096
v 0.108680 0.108680 0.869436
v 0.559549 0.239807 0.639484
v 0.578849 0.082693 0.661542
v 0.465338 0.093068 0.744541
v 0.485579 0.485579 0.554948
v 0.526112 0.375794 0.601271
v 0.413464 0.413464 0.661542
v 0.267564 -0.445940 0.713504
v 0.239807 -0.559549 0.639484
v 0.082693 -0.578849 0.661542
v 0.526112 -0.375794 0.601271
v 0.485579 -0.485579 0.554948
v 0.375794 -0.526112 0.601271
v 0.578849 -0.082693 0.661542
v 0.559549 -0.239807 0.639484
v 0.445940 -0.267564 0.713504
v -0.413464 -0.413464 0.661542
v -0.375794 -0.526112 0.601271
v -0.485579 -0.485579 0.554948
v -0.093068 -0.465338 0.744541
v -0.082693 -0.578849 0.661542
v -0.239807 -0.559549 0.639484
v -0.108680 -0.108679 0.869436
v -0.102637 -0.307911 0.821096
v -0.292506 -0.292505 0.780015
v -0.780015 0.292506 0.292505
v -0.821096 0.102637 0.307911
v -0.869436 0.108680 0.108680
v -0.639484 0.239807 0.559549
v -0.661542 0.082693 0.578849
v -0.744541 0.093068 0.465338
v -0.554948 0.485579 0.485579
v -0.601271 0.375794 0.526112
v -0.661542 0.413464 0.413464
v -0.713504 -0.445940 0.267564
v -0.639484 -0.559549 0.239807
v -0.661542 -0.578849 0.082693
v -0.601271 -0.375794 0.526112
v -0.554948 -0.485579 0.485579
v -0.601271 -0.526112 0.375794
v -0.661542 -0.082693 0.578849
v -0.639484 -0.239807 0.559549
v -0.713504 -0.267564 0.445940
v -0.661542 -0.413464 -0.413464
v -0.601271 -0.526112 -0.375794
v -0.554948 -0.485579 -0.485579
v -0.744541 -0.465338 -0.093068
v -0.661542 -0.578849 -0.082693
v -0.639484 -0.559549 -0.239807
v -0.869436 -0.108680 -0.108680
v -0.821096 -0.307911 -0.102637
v -0.780015 -0.292506 -0.292505
v 0.292506 -0.780015 -0.292505
v 0.102637 -0.821096 -0.307911
v 0.108680 -0.869436 -0.108679
v 0.239807 -0.639484 -0.559548
v 0.082693 -0.661542 -0.578849
v 0.093068 -0.744541 -0.465338
v 0.485579 -0.554948 -0.485579
v 0.375794 -0.601271 -0.526112
v 0.413464 -0.661542 -0.413464
v -0.445940 -0.713504 -0.267564
v -0.559549 -0.639484 -0.239807
v -0.578849 -0.661542 -0.082693
v -0.375794 -0.601271 -0.526112
v -0.485579 -0.554948 -0.485579
v -0.526112 -0.601271 -0.375794
v -0.082693 -0.661542 -0.578849
v -0.239807 -0.639484 -0.559548
v -0.267564 -0.713504 -0.445940
v -0.413464 -0.661542 0.413464
v -0.526112 -0.601271 0.375794
v -0.485579 -0.554948 0.485579
v -0.465338 -0.744541 0.093068
v -0.578849 -0.661542 0.082693
v -0.559549 -0.639484 0.239807
v -0.108680 -0.869436 0.108680
v -0.307911 -0.821096 0.102637
v -0.292506 -0.780015 0.292506
v 0.780015 0.292505 -0.292506
v 0.821096 0.102637 -0.307911
v 0.869436 0.108680 -0.108680
v 0.639484 0.239807 -0.559549
v 0.661542 0.082693 -0.578849
v 0.744541 0.093068 -0.465338
v 0.554948 0.485579 -0.485579
v 0.601271 0.375794 -0.526112
v 0.661542 0.413464 -0.413464
v 0.713504 -0.445940 -0.267564
v 0.639484 -0.559549 -0.239807
v 0.661542 -0.578849 -0.082693
v 0.601271 -0.375794 -0.526112
v 0.554948 -0.485579 -0.485579
v 0.601271 -0.526112 -0.375794
v 0.661542 -0.082693 -0.578849
v 0.639484 -0.239807 -0.559549
v 0.713504 -0.267564 -0.445940
v 0.661542 -0.413464 0.413464
v 0.601271 -0.526112 0.375794
v 0.554948 -0.485579 0.485579
v 0.744541 -0.465338 0.093068
v 0.661542 -0.578849 0.082693
v 0.639484 -0.559549 0.239807
v 0.869436 -0.108680 0.108680
v 0.821096 -0.307911 0.102637
v 0.780015 -0.292505 0.292506
v -0.292506 0.292505 -0.780015
v -0.307911 0.102637 -0.821096
v -0.108680 0.108679 -0.869436
v -0.559549 0.239807 -0.639484
v -0.578849 0.082693 -0.661542
v -0.465338 0.093068 -0.744541
v -0.485579 0.485579 -0.554948
v -0.526112 0.375794 -0.601271
v -0.413464 0.413464 -0.661542
v -0.267564 -0.445940 -0.713504
v -0.239807 -0.559549 -0.639484
v -0.082693 -0.578849 -0.661542
v -0.526112 -0.375794 -0.601271
v -0.485579 -0.485579 -0.554948
v -0.375794 -0.526112 -0.601271
v -0.578849 -0.082693 -0.661542
v -0.559549 -0.239807 -0.639484
v -0.445940 -0.267564 -0.713504
v 0.413464 -0.413464 -0.661542
v 0.375794 -0.526112 -0.601271
v 0.485579 -0.485579 -0.554948
v 0.093068 -0.465338 -0.744541
v 0.082693 -0.578849 -0.661542
v 0.239807 -0.559549 -0.639484
v 0.108680 -0.108680 -0.869436
v 0.102637 -0.307911 -0.821096
v 0.292506 -0.292506 -0.780015
v 0.445940 0.267564 -0.713504
v 0.465338 0.093068 -0.744541
v 0.578849 0.082693 -0.661542
v 0.102637 0.307911 -0.821096
v 0.108680 0.108679 -0.869436
v 0.307911 0.102637 -0.821096
v 0.082693 0.578849 -0.661542
v 0.093068 0.465338 -0.744541
v 0.267564 0.445940 -0.713504
v 0.713504 0.267564 0.445940
v 0.744541 0.093068 0.465338
v 0.661542 0.082693 0.578849
v 0.821096 0.307911 0.102637
v 0.869436 0.108680 0.108680
v 0.821096 0.102637 0.307911
v 0.661542 0.578849 0.082693
v 0.744541 0.465338 0.093068
v 0.713504 0.445940 0.267564
v 0.267564 -0.713504 0.445940
v 0.093068 -0.744541 0.465338
v 0.082693 -0.661542 0.578849
v 0.307911 -0.821096 0.102637
v 0.108680 -0.869436 0.108680
v 0.102637 -0.821096 0.307911
v 0.578849 -0.661542 0.082693
v 0.465338 -0.744541 0.093068
v 0.445940 -0.713504 0.267564
v -0.713504 0.267564 -0.445940
v -0.744541 0.093068 -0.465338
v -0.661542 0.082693 -0.578849
v -0.821096 0.307911 -0.102637
v -0.869436 0.108680 -0.108680
v -0.821096 0.102637 -0.307911
v -0.661542 0.578849 -0.082693
v -0.744541 0.465338 -0.093068
v -0.713504 0.445940 -0.267564
v -0.445940 0.267564 0.713504
v -0.465338 0.093068 0.744541
v -0.578849 0.082693 0.661542
v -0.102637 0.307911 0.821096
v -0.108680 0.108680 0.869436
v -0.307911 0.102637 0.821096
v -0.082693 0.578849 0.661542
v -0.093068 0.465338 0.744541
v -0.267564 0.445940 0.713504
v -0.267564 0.713504 0.445940
v -0.093068 0.744541 0.465338
v -0.082693 0.661542 0.578849
v -0.307911 0.821096 0.102637
v -0.108680 0.869436 0.108679
v -0.102637 0.821096 0.307911
v -0.578849 0.661542 0.082693
v -0.465338 0.744541 0.093068
v -0.445940 0.713504 0.267564
v -0.559549 0.639484 0.239807
v -0.292506 0.780015 0.292505
v -0.239807 0.639484 0.559548
v -0.239807 0.559549 0.639484
v -0.292506 0.292506 0.780015
v -0.559549 0.239807 0.639484
v -0.639484 0.559549 -0.239807
v -0.780015 0.292505 -0.292506
v -0.639484 0.239807 -0.559549
v 0.559549 -0.639484 0.239807
v 0.292506 -0.780015 0.292506
v 0.239807 -0.639484 0.559549
v 0.639484 0.559549 0.239807
v 0.780015 0.292506 0.292505
v 0.639484 0.239807 0.559549
v 0.239807 0.559549 -0.639484
v 0.292506 0.292505 -0.780015
v 0.559549 0.239807 -0.639484
v 0.307911 -0.102637 -0.821096
v 0.267564 -0.445940 -0.713504
v 0.526112 -0.375794 -0.601271
v -0.465338 -0.093068 -0.744541
v -0.413464 -0.413464 -0.661542
v -0.093068 -0.465338 -0.744541
v -0.375794 0.526112 -0.601271
v -0.445940 0.267564 -0.713504
v -0.102637 0.307911 -0.821096
v 0.821096 -0.102637 0.307911
v 0.713504 -0.445940 0.267564
v 0.601271 -0.375794 0.526112
v 0.744541 -0.093068 -0.465338
v 0.661542 -0.413464 -0.413464
v 0.744541 -0.465338 -0.093068
v 0.601271 0.526112 -0.375794
v 0.713504 0.267564 -0.445940
v 0.821096 0.307911 -0.102637
v -0.102637 -0.821096 0.307911
v -0.445940 -0.713504 0.267564
v -0.375794 -0.601271 0.526112
v -0.093068 -0.744541 -0.465338
v -0.413464 -0.661542 -0.413464
v -0.465338 -0.744541 -0.093068
v 0.526112 -0.601271 -0.375794
v 0.267564 -0.713504 -0.445940
v 0.307911 -0.821096 -0.102637
v -0.821096 -0.102637 -0.307911
v -0.713504 -0.445940 -0.267564
v -0.601271 -0.375794 -0.526112
v -0.744541 -0.093068 0.465338
v -0.661542 -0.413464 0.413464
v -0.744541 -0.465338 0.093068
v -0.601271 0.526112 0.375794
v -0.713504 0.267564 0.445940
v -0.821096 0.307911 0.102637
v -0.307911 -0.102637 0.821096
v -0.267564 -0.445940 0.713504
v -0.526112 -0.375794 0.601271
v 0.465338 -0.093068 0.744541
v 0.413464 -0.413464 0.661542
v 0.093068 -0.465338 0.744541
v 0.375794 0.526112 0.601271
v 0.445940 0.267564 0.713504
v 0.102637 0.307911 0.821096
v 0.102637 0.821096 0.307911
v 0.445940 0.713504 0.267564
v 0.375794 0.601271 0.526112
v 0.093068 0.744541 -0.465338
v 0.413464 0.661542 -0.413464
v 0.465338 0.744541 -0.093068
v -0.526112 0.601271 -0.375794
v -0.267564 0.713504 -0.445940
v -0.307911 0.821096 -0.102637
v -0.578849 0.661542 -0.082693
v 0.108680 0.869436 -0.108680
v 0.082693 0.661542 0.578849
v 0.082693 0.578849 0.661542
v 0.108680 -0.108679 0.869436
v -0.578849 -0.082693 0.661542
v -0.661542 0.578849 0.082693
v -0.869436 -0.108680 0.108680
v -0.661542 -0.082693 -0.578849
v 0.578849 -0.661542 -0.082693
v -0.108680 -0.869436 -0.108679
v -0.082693 -0.661542 0.578849
v 0.661542 0.578849 -0.082693
v 0.869436 -0.108680 -0.108680
v 0.661542 -0.082693 0.578849
v -0.082693 0.578849 -0.661542
v -0.108680 -0.108680 -0.869436
v 0.578849 -0.082693 -0.661542
v 0.485579 0.485579 -0.554948
v 0.554948 0.485579 0.485579
v 0.485579 -0.554948 0.485579
v -0.554948 0.485579 -0.485579
v -0.485579 0.485579 0.554948
v -0.485579 0.554948 0.485579
vn -0.5489 0.6305 0.5489
vn -0.5797 0.6202 0.5285
vn -0.5640 0.6033 0.5640
vn -0.5285 0.6202 0.5797
vn -0.5489 0.5489 0.6305
vn -0.5285 0.5797 0.6202
vn -0.5640 0.5640 0.6033
vn -0.5797 0.5285 0.6202
vn -0.6305 0.5489 -0.5489
vn -0.6202 0.5797 -0.5285
vn -0.6033 0.5640 -0.5640
vn -0.6202 0.5285 -0.5797
vn 0.5489 -0.6305 0.5489
vn 0.5797 -0.6202 0.5285
vn 0.5640 -0.6033 0.5640
vn 0.5285 -0.6202 0.5797
vn 0.6305 0.5489 0.5489
vn 0.6202 0.5797 0.5285
vn 0.6033 0.5640 0.5640
vn 0.6202 0.5285 0.5797
vn 0.5489 0.5489 -0.6305
vn 0.5285 0.5797 -0.6202
vn 0.5640 0.5640 -0.6033
vn 0.5797 0.5285 -0.6202
vn 0.6526 -0.0933 -0.7519
vn 0.6554 -0.0000 -0.7553
vn 0.6818 -0.0000 -0.7316
vn 0.6792 -0.0880 -0.7287
vn -0.1218 -0.1218 -0.9851
vn -0.1227 -0.0000 -0.9924
vn -0.0000 -0.0000 -1.0000
vn -0.0000 -0.1227 -0.9924
vn -0.0933 0.6526 -0.7519
vn -0.0880 0.6792 -0.7287
vn -0.0000 0.6818 -0.7316
vn -0.0000 0.6554 -0.7553
vn 0.7519 -0.0933 0.6526
vn 0.7553 -0.0000 0.6554
vn 0.7316 -0.0000 0.6818
vn 0.7287 -0.0880 0.6792
vn 0.9851 -0.1218 -0.1218
vn 0.9924 -0.0000 -0.1227
vn 1.0000 -0.0000 -0.0000
vn 0.9924 -0.1227 -0.0000
vn 0.7519 0.6526 -0.0933
vn 0.7287 0.6792 -0.0880
vn 0.7316 0.6818 -0.0000
vn 0.7553 0.6554 -0.0000
vn -0.0933 -0.7519 0.6526
vn -0.0000 -0.7553 0.6554
vn -0.0000 -0.7316 0.6818
vn -0.0880 -0.7287 0.6792
vn -0.1218 -0.9851 -0.1218
vn -0.0000 -0.9924 -0.1227
vn -0.0000 -1.0000 -0.0000
vn -0.1227 -0.9924 -0.0000
vn 0.6526 -0.7519 -0.0933
vn 0.6792 -0.7287 -0.0880
vn 0.6818 -0.7316 -0.0000
vn 0.6554 -0.7553 -0.0000
vn -0.7519 -0.0933 -0.6526
vn -0.7553 -0.0000 -0.6554
vn -0.7316 -0.0000 -0.6818
vn -0.7287 -0.0880 -0.6792
vn -0.9851 -0.1218 0.1218
vn -0.9924 -0.0000 0.1227
vn -1.0000 -0.0000 -0.0000
vn -0.9924 -0.1227 -0.0000
vn -0.7519 0.6526 0.0933
vn -0.7287 0.6792 0.0880
vn -0.7316 0.6818 -0.0000
vn -0.7553 0.6554 -0.0000
vn -0.6526 -0.0933 0.7519
vn -0.6554 -0.0000 0.7553
vn -0.6818 -0.0000 0.7316
vn -0.6792 -0.0880 0.7287
vn 0.1218 -0.1218 0.9851
vn 0.1227 -0.0000 0.9924
vn -0.0000 -0.0000 1.0000
vn -0.0000 -0.1227 0.9924
vn 0.0933 0.6526 0.7519
vn 0.0880 0.6792 0.7287
vn -0.0000 0.6818 0.7316
vn -0.0000 0.6554 0.7553
vn 0.0933 0.7519 0.6526
vn -0.0000 0.7553 0.6554
vn -0.0000 0.7316 0.6818
vn 0.0880 0.7287 0.6792
vn 0.1218 0.9851 -0.1218
vn -0.0000 0.9924 -0.1227
vn -0.0000 1.0000 -0.0000
vn 0.1227 0.9924 -0.0000
vn -0.6526 0.7519 -0.0933
vn -0.6792 0.7287 -0.0880
vn -0.6818 0.7316 -0.0000
vn -0.6554 0.7553 -0.0000
vn -0.3456 0.9313 -0.1153
vn -0.4410 0.8907 -0.1103
vn -0.4436 0.8962 -0.0000
vn -0.3479 0.9375 -0.0000
vn -0.3015 0.8104 -0.5023
vn -0.3886 0.7830 -0.4857
vn -0.4060 0.8187 -0.4060
vn -0.3161 0.8501 -0.4213
vn -0.5941 0.6832 -0.4245
vn -0.6239 0.6682 -0.4054
vn -0.6431 0.6891 -0.3340
vn -0.6142 0.7067 -0.3512
vn 0.5236 0.8455 -0.1048
vn 0.4410 0.8907 -0.1103
vn 0.4436 0.8962 -0.0000
vn 0.5264 0.8502 -0.0000
vn 0.4665 0.7516 -0.4665
vn 0.3886 0.7830 -0.4857
vn 0.4060 0.8187 -0.4060
vn 0.4857 0.7830 -0.3886
vn 0.1048 0.8455 -0.5236
vn -0.0000 0.8502 -0.5264
vn -0.0000 0.8962 -0.4436
vn 0.1103 0.8907 -0.4410
vn 0.4245 0.6832 0.5941
vn 0.3512 0.7067 0.6142
vn 0.3340 0.6891 0.6431
vn 0.4054 0.6682 0.6239
vn 0.5023 0.8104 0.3015
vn 0.4213 0.8501 0.3161
vn 0.4060 0.8187 0.4060
vn 0.4857 0.7830 0.3886
vn 0.1153 0.9313 0.3456
vn -0.0000 0.9375 0.3479
vn -0.0000 0.8962 0.4436
vn 0.1103 0.8907 0.4410
vn 0.1153 0.3456 0.9313
vn 0.1103 0.4410 0.8907
vn -0.0000 0.4436 0.8962
vn -0.0000 0.3479 0.9375
vn 0.5023 0.3015 0.8104
vn 0.4857 0.3886 0.7830
vn 0.4060 0.4060 0.8187
vn 0.4213 0.3161 0.8501
vn 0.4245 0.5941 0.6832
vn 0.4054 0.6239 0.6682
vn 0.3340 0.6431 0.6891
vn 0.3512 0.6142 0.7067
vn 0.1048 -0.5236 0.8455
vn 0.1103 -0.4410 0.8907
vn -0.0000 -0.4436 0.8962
vn -0.0000 -0.5264 0.8502
vn 0.4665 -0.4665 0.7516
vn 0.4857 -0.3886 0.7830
vn 0.4060 -0.4060 0.8187
vn 0.3886 -0.4857 0.7830
vn 0.5236 -0.1048 0.8455
vn 0.5264 -0.0000 0.8502
vn 0.4436 -0.0000 0.8962
vn 0.4410 -0.1103 0.8907
vn -0.5941 -0.4245 0.6832
vn -0.6142 -0.3512 0.7067
vn -0.6431 -0.3340 0.6891
vn -0.6239 -0.4054 0.6682
vn -0.3015 -0.5023 0.8104
vn -0.3161 -0.4213 0.8501
vn -0.4060 -0.4060 0.8187
vn -0.3886 -0.4857 0.7830
vn -0.3456 -0.1153 0.9313
vn -0.3479 -0.0000 0.9375
vn -0.4436 -0.0000 0.8962
vn -0.4410 -0.1103 0.8907
vn -0.9313 0.3456 0.1153
vn -0.8907 0.4410 0.1103
vn -0.8962 0.4436 -0.0000
vn -0.9375 0.3479 -0.0000
vn -0.8104 0.3015 0.5023
vn -0.7830 0.3886 0.4857
vn -0.8187 0.4060 0.4060
vn -0.8501 0.3161 0.4213
vn -0.6832 0.5941 0.4245
vn -0.6682 0.6239 0.4054
vn -0.6891 0.6431 0.3340
vn -0.7067 0.6142 0.3512
vn -0.8455 -0.5236 0.1048
vn -0.8907 -0.4410 0.1103
vn -0.8962 -0.4436 -0.0000
vn -0.8502 -0.5264 -0.0000
vn -0.7516 -0.4665 0.4665
vn -0.7830 -0.3886 0.4857
vn -0.8187 -0.4060 0.4060
vn -0.7830 -0.4857 0.3886
vn -0.8455 -0.1048 0.5236
vn -0.8502 -0.0000 0.5264
vn -0.8962 -0.0000 0.4436
vn -0.8907 -0.1103 0.4410
vn -0.6832 -0.4245 -0.5941
vn -0.7067 -0.3512 -0.6142
vn -0.6891 -0.3340 -0.6431
vn -0.6682 -0.4054 -0.6239
vn -0.8104 -0.5023 -0.3015
vn -0.8501 -0.4213 -0.3161
vn -0.8187 -0.4060 -0.4060
vn -0.7830 -0.4857 -0.3886
vn -0.9313 -0.1153 -0.3456
vn -0.9375 -0.0000 -0.3479
vn -0.8962 -0.0000 -0.4436
vn -0.8907 -0.1103 -0.4410
vn 0.3456 -0.9313 -0.1153
vn 0.4410 -0.8907 -0.1103
vn 0.4436 -0.8962 -0.0000
vn 0.3479 -0.9375 -0.0000
vn 0.3015 -0.8104 -0.5023
vn 0.3886 -0.7830 -0.4857
vn 0.4060 -0.8187 -0.4060
vn 0.3161 -0.8501 -0.4213
vn 0.5941 -0.6832 -0.4245
vn 0.6239 -0.6682 -0.4054
vn 0.6431 -0.6891 -0.3340
vn 0.6142 -0.7067 -0.3512
vn -0.5236 -0.8455 -0.1048
vn -0.4410 -0.8907 -0.1103
vn -0.4436 -0.8962 -0.0000
vn -0.5264 -0.8502 -0.0000
vn -0.4665 -0.7516 -0.4665
vn -0.3886 -0.7830 -0.4857
vn -0.4060 -0.8187 -0.4060
vn -0.4857 -0.7830 -0.3886
vn -0.1048 -0.8455 -0.5236
vn -0.0000 -0.8502 -0.5264
vn -0.0000 -0.8962 -0.4436
vn -0.1103 -0.8907 -0.4410
vn -0.4245 -0.6832 0.5941
vn -0.3512 -0.7067 0.6142
vn -0.3340 -0.6891 0.6431
vn -0.4054 -0.6682 0.6239
vn -0.5023 -0.8104 0.3015
vn -0.4213 -0.8501 0.3161
vn -0.4060 -0.8187 0.4060
vn -0.4857 -0.7830 0.3886
vn -0.1153 -0.9313 0.3456
vn -0.0000 -0.9375 0.3479
vn -0.0000 -0.8962 0.4436
vn -0.1103 -0.8907 0.4410
vn 0.9313 0.3456 -0.1153
vn 0.8907 0.4410 -0.1103
vn 0.8962 0.4436 -0.0000
vn 0.9375 0.3479 -0.0000
vn 0.8104 0.3015 -0.5023
vn 0.7830 0.3886 -0.4857
vn 0.8187 0.4060 -0.4060
vn 0.8501 0.3161 -0.4213
vn 0.6832 0.5941 -0.4245
vn 0.6682 0.6239 -0.4054
vn 0.6891 0.6431 -0.3340
vn 0.7067 0.6142 -0.3512
vn 0.8455 -0.5236 -0.1048
vn 0.8907 -0.4410 -0.1103
vn 0.8962 -0.4436 -0.0000
vn 0.8502 -0.5264 -0.0000
vn 0.7516 -0.4665 -0.4665
vn 0.7830 -0.3886 -0.4857
vn 0.8187 -0.4060 -0.4060
vn 0.7830 -0.4857 -0.3886
vn 0.8455 -0.1048 -0.5236
vn 0.8502 -0.0000 -0.5264
vn 0.8962 -0.0000 -0.4436
vn 0.8907 -0.1103 -0.4410
vn 0.6832 -0.4245 0.5941
vn 0.7067 -0.3512 0.6142
vn 0.6891 -0.3340 0.6431
vn 0.6682 -0.4054 0.6239
vn 0.8104 -0.5023 0.3015
vn 0.8501 -0.4213 0.3161
vn 0.8187 -0.4060 0.4060
vn 0.7830 -0.4857 0.3886
vn 0.9313 -0.1153 0.3456
vn 0.9375 -0.0000 0.3479
vn 0.8962 -0.0000 0.4436
vn 0.8907 -0.1103 0.4410
vn -0.1153 0.3456 -0.9313
vn -0.1103 0.4410 -0.8907
vn -0.0000 0.4436 -0.8962
vn -0.0000 0.3479 -0.9375
vn -0.5023 0.3015 -0.8104
vn -0.4857 0.3886 -0.7830
vn -0.4060 0.4060 -0.8187
vn -0.4213 0.3161 -0.8501
vn -0.4245 0.5941 -0.6832
vn -0.4054 0.6239 -0.6682
vn -0.3340 0.6431 -0.6891
vn -0.3512 0.6142 -0.7067
vn -0.1048 -0.5236 -0.8455
vn -0.1103 -0.4410 -0.8907
vn -0.0000 -0.4436 -0.8962
vn -0.0000 -0.5264 -0.8502
vn -0.4665 -0.4665 -0.7516
vn -0.4857 -0.3886 -0.7830
vn -0.4060 -0.4060 -0.8187
vn -0.3886 -0.4857 -0.7830
vn -0.5236 -0.1048 -0.8455
vn -0.5264 -0.0000 -0.8502
vn -0.4436 -0.0000 -0.8962
vn -0.4410 -0.1103 -0.8907
vn 0.5941 -0.4245 -0.6832
vn 0.6142 -0.3512 -0.7067
vn 0.6431 -0.3340 -0.6891
vn 0.6239 -0.4054 -0.6682
vn 0.3015 -0.5023 -0.8104
vn 0.3161 -0.4213 -0.8501
vn 0.4060 -0.4060 -0.8187
vn 0.3886 -0.4857 -0.7830
vn 0.3456 -0.1153 -0.9313
vn 0.3479 -0.0000 -0.9375
vn 0.4436 -0.0000 -0.8962
vn 0.4410 -0.1103 -0.8907
vn 0.6313 0.2707 -0.7268
vn 0.6142 0.3512 -0.7067
vn 0.6431 0.3340 -0.6891
vn 0.6592 0.2566 -0.7068
vn 0.3289 0.3289 -0.8852
vn 0.3161 0.4213 -0.8501
vn 0.4060 0.4060 -0.8187
vn 0.4213 0.3161 -0.8501
vn 0.2707 0.6313 -0.7268
vn 0.2566 0.6592 -0.7068
vn 0.3340 0.6431 -0.6891
vn 0.3512 0.6142 -0.7067
vn 0.7268 0.2707 0.6313
vn 0.7067 0.3512 0.6142
vn 0.6891 0.3340 0.6431
vn 0.7068 0.2566 0.6592
vn 0.8852 0.3289 0.3289
vn 0.8501 0.4213 0.3161
vn 0.8187 0.4060 0.4060
vn 0.8501 0.3161 0.4213
vn 0.7268 0.6313 0.2707
vn 0.7068 0.6592 0.2566
vn 0.6891 0.6431 0.3340
vn 0.7067 0.6142 0.3512
vn 0.2707 -0.7268 0.6313
vn 0.3512 -0.7067 0.6142
vn 0.3340 -0.6891 0.6431
vn 0.2566 -0.7068 0.6592
vn 0.3289 -0.8852 0.3289
vn 0.4213 -0.8501 0.3161
vn 0.4060 -0.8187 0.4060
vn 0.3161 -0.8501 0.4213
vn 0.6313 -0.7268 0.2707
vn 0.6592 -0.7068 0.2566
vn 0.6431 -0.6891 0.3340
vn 0.6142 -0.7067 0.3512
vn -0.7268 0.2707 -0.6313
vn -0.7067 0.3512 -0.6142
vn -0.6891 0.3340 -0.6431
vn -0.7068 0.2566 -0.6592
vn -0.8852 0.3289 -0.3289
vn -0.8501 0.4213 -0.3161
vn -0.8187 0.4060 -0.4060
vn -0.8501 0.3161 -0.4213
vn -0.7268 0.6313 -0.2707
vn -0.7068 0.6592 -0.2566
vn -0.6891 0.6431 -0.3340
vn -0.7067 0.6142 -0.3512
vn -0.6313 0.2707 0.7268
vn -0.6142 0.3512 0.7067
vn -0.6431 0.3340 0.6891
vn -0.6592 0.2566 0.7068
vn -0.3289 0.3289 0.8852
vn -0.3161 0.4213 0.8501
vn -0.4060 0.4060 0.8187
vn -0.4213 0.3161 0.8501
vn -0.2707 0.6313 0.7268
vn -0.2566 0.6592 0.7068
vn -0.3340 0.6431 0.6891
vn -0.3512 0.6142 0.7067
vn -0.2707 0.7268 0.6313
vn -0.3512 0.7067 0.6142
vn -0.3340 0.6891 0.6431
vn -0.2566 0.7068 0.6592
vn -0.3289 0.8852 0.3289
vn -0.4213 0.8501 0.3161
vn -0.4060 0.8187 0.4060
vn -0.3161 0.8501 0.4213
vn -0.6313 0.7268 0.2707
vn -0.6592 0.7068 0.2566
vn -0.6431 0.6891 0.3340
vn -0.6142 0.7067 0.3512
vn -0.5023 0.8104 0.3015
vn -0.5720 0.7687 0.2862
vn -0.5548 0.7451 0.3700
vn -0.4857 0.7830 0.3886
vn -0.5236 0.8455 0.1048
vn -0.5937 0.7985 0.0991
vn -0.5853 0.7869 0.1953
vn -0.5153 0.8318 0.2063
vn -0.6526 0.7519 0.0933
vn -0.6792 0.7287 0.0880
vn -0.6715 0.7203 0.1741
vn -0.6444 0.7422 0.1843
vn -0.1153 0.9313 0.3456
vn -0.2261 0.9132 0.3391
vn -0.2168 0.8748 0.4333
vn -0.1103 0.8907 0.4410
vn -0.1218 0.9851 0.1218
vn -0.2383 0.9638 0.1192
vn -0.2335 0.9439 0.2335
vn -0.1192 0.9638 0.2383
vn -0.3456 0.9313 0.1153
vn -0.4410 0.8907 0.1103
vn -0.4333 0.8748 0.2168
vn -0.3391 0.9132 0.2261
vn -0.0933 0.7519 0.6526
vn -0.1843 0.7422 0.6444
vn -0.1741 0.7203 0.6715
vn -0.0880 0.7287 0.6792
vn -0.1048 0.8455 0.5236
vn -0.2063 0.8318 0.5153
vn -0.1953 0.7869 0.5853
vn -0.0991 0.7985 0.5937
vn -0.3015 0.8104 0.5023
vn -0.3886 0.7830 0.4857
vn -0.3700 0.7451 0.5548
vn -0.2862 0.7687 0.5720
vn -0.3015 0.5023 0.8104
vn -0.2862 0.5720 0.7687
vn -0.3700 0.5548 0.7451
vn -0.3886 0.4857 0.7830
vn -0.1048 0.5236 0.8455
vn -0.0991 0.5937 0.7985
vn -0.1953 0.5853 0.7869
vn -0.2063 0.5153 0.8318
vn -0.0933 0.6526 0.7519
vn -0.0880 0.6792 0.7287
vn -0.1741 0.6715 0.7203
vn -0.1843 0.6444 0.7422
vn -0.3456 0.1153 0.9313
vn -0.3391 0.2261 0.9132
vn -0.4333 0.2168 0.8748
vn -0.4410 0.1103 0.8907
vn -0.1218 0.1218 0.9851
vn -0.1192 0.2383 0.9638
vn -0.2335 0.2335 0.9439
vn -0.2383 0.1192 0.9638
vn -0.1153 0.3456 0.9313
vn -0.1103 0.4410 0.8907
vn -0.2168 0.4333 0.8748
vn -0.2261 0.3391 0.9132
vn -0.6526 0.0933 0.7519
vn -0.6444 0.1843 0.7422
vn -0.6715 0.1741 0.7203
vn -0.6792 0.0880 0.7287
vn -0.5236 0.1048 0.8455
vn -0.5153 0.2063 0.8318
vn -0.5853 0.1953 0.7869
vn -0.5937 0.0991 0.7985
vn -0.5023 0.3015 0.8104
vn -0.4857 0.3886 0.7830
vn -0.5548 0.3700 0.7451
vn -0.5720 0.2862 0.7687
vn -0.8104 0.5023 -0.3015
vn -0.7687 0.5720 -0.2862
vn -0.7451 0.5548 -0.3700
vn -0.7830 0.4857 -0.3886
vn -0.8455 0.5236 -0.1048
vn -0.7985 0.5937 -0.0991
vn -0.7869 0.5853 -0.1953
vn -0.8318 0.5153 -0.2063
vn -0.7519 0.6526 -0.0933
vn -0.7287 0.6792 -0.0880
vn -0.7203 0.6715 -0.1741
vn -0.7422 0.6444 -0.1843
vn -0.9313 0.1153 -0.3456
vn -0.9132 0.2261 -0.3391
vn -0.8748 0.2168 -0.4333
vn -0.8907 0.1103 -0.4410
vn -0.9851 0.1218 -0.1218
vn -0.9638 0.2383 -0.1192
vn -0.9439 0.2335 -0.2335
vn -0.9638 0.1192 -0.2383
vn -0.9313 0.3456 -0.1153
vn -0.8907 0.4410 -0.1103
vn -0.8748 0.4333 -0.2168
vn -0.9132 0.3391 -0.2261
vn -0.7519 0.0933 -0.6526
vn -0.7422 0.1843 -0.6444
vn -0.7203 0.1741 -0.6715
vn -0.7287 0.0880 -0.6792
vn -0.8455 0.1048 -0.5236
vn -0.8318 0.2063 -0.5153
vn -0.7869 0.1953 -0.5853
vn -0.7985 0.0990 -0.5937
vn -0.8104 0.3015 -0.5023
vn -0.7830 0.3886 -0.4857
vn -0.7451 0.3700 -0.5548
vn -0.7687 0.2862 -0.5720
vn 0.5023 -0.8104 0.3015
vn 0.5720 -0.7687 0.2862
vn 0.5548 -0.7451 0.3700
vn 0.4857 -0.7830 0.3886
vn 0.5236 -0.8455 0.1048
vn 0.5937 -0.7985 0.0991
vn 0.5853 -0.7869 0.1953
vn 0.5153 -0.8318 0.2063
vn 0.6526 -0.7519 0.0933
vn 0.6792 -0.7287 0.0880
vn 0.6715 -0.7203 0.1741
vn 0.6444 -0.7422 0.1843
vn 0.1153 -0.9313 0.3456
vn 0.2261 -0.9132 0.3391
vn 0.2168 -0.8748 0.4333
vn 0.1103 -0.8907 0.4410
vn 0.1218 -0.9851 0.1218
vn 0.2383 -0.9638 0.1192
vn 0.2335 -0.9439 0.2335
vn 0.1192 -0.9638 0.2383
vn 0.3456 -0.9313 0.1153
vn 0.4410 -0.8907 0.1103
vn 0.4333 -0.8748 0.2168
vn 0.3391 -0.9132 0.2261
vn 0.0933 -0.7519 0.6526
vn 0.1843 -0.7422 0.6444
vn 0.1741 -0.7203 0.6715
vn 0.0880 -0.7287 0.6792
vn 0.1048 -0.8455 0.5236
vn 0.2063 -0.8318 0.5153
vn 0.1953 -0.7869 0.5853
vn 0.0991 -0.7985 0.5937
vn 0.3015 -0.8104 0.5023
vn 0.3886 -0.7830 0.4857
vn 0.3700 -0.7451 0.5548
vn 0.2862 -0.7687 0.5720
vn 0.8104 0.5023 0.3015
vn 0.7687 0.5720 0.2862
vn 0.7451 0.5548 0.3700
vn 0.7830 0.4857 0.3886
vn 0.8455 0.5236 0.1048
vn 0.7985 0.5937 0.0991
vn 0.7869 0.5853 0.1953
vn 0.8318 0.5153 0.2063
vn 0.7519 0.6526 0.0933
vn 0.7287 0.6792 0.0880
vn 0.7203 0.6715 0.1741
vn 0.7422 0.6444 0.1843
vn 0.9313 0.1153 0.3456
vn 0.9132 0.2261 0.3391
vn 0.8748 0.2168 0.4333
vn 0.8907 0.1103 0.4410
vn 0.9851 0.1218 0.1218
vn 0.9638 0.2383 0.1192
vn 0.9439 0.2335 0.2335
vn 0.9638 0.1192 0.2383
vn 0.9313 0.3456 0.1153
vn 0.8907 0.4410 0.1103
vn 0.8748 0.4333 0.2168
vn 0.9132 0.3391 0.2261
vn 0.7519 0.0933 0.6526
vn 0.7422 0.1843 0.6444
vn 0.7203 0.1741 0.6715
vn 0.7287 0.0880 0.6792
vn 0.8455 0.1048 0.5236
vn 0.8318 0.2063 0.5153
vn 0.7869 0.1953 0.5853
vn 0.7985 0.0990 0.5937
vn 0.8104 0.3015 0.5023
vn 0.7830 0.3886 0.4857
vn 0.7451 0.3700 0.5548
vn 0.7687 0.2862 0.5720
vn 0.3015 0.5023 -0.8104
vn 0.2862 0.5720 -0.7687
vn 0.3700 0.5548 -0.7451
vn 0.3886 0.4857 -0.7830
vn 0.1048 0.5236 -0.8455
vn 0.0991 0.5937 -0.7985
vn 0.1953 0.5853 -0.7869
vn 0.2063 0.5153 -0.8318
vn 0.0933 0.6526 -0.7519
vn 0.0880 0.6792 -0.7287
vn 0.1741 0.6715 -0.7203
vn 0.1843 0.6444 -0.7422
vn 0.3456 0.1153 -0.9313
vn 0.3391 0.2261 -0.9132
vn 0.4333 0.2168 -0.8748
vn 0.4410 0.1103 -0.8907
vn 0.1218 0.1218 -0.9851
vn 0.1192 0.2383 -0.9638
vn 0.2335 0.2335 -0.9439
vn 0.2383 0.1192 -0.9638
vn 0.1153 0.3456 -0.9313
vn 0.1103 0.4410 -0.8907
vn 0.2168 0.4333 -0.8748
vn 0.2261 0.3391 -0.9132
vn 0.6526 0.0933 -0.7519
vn 0.6444 0.1843 -0.7422
vn 0.6715 0.1741 -0.7203
vn 0.6792 0.0880 -0.7287
vn 0.5236 0.1048 -0.8455
vn 0.5153 0.2063 -0.8318
vn 0.5853 0.1953 -0.7869
vn 0.5937 0.0991 -0.7985
vn 0.5023 0.3015 -0.8104
vn 0.4857 0.3886 -0.7830
vn 0.5548 0.3700 -0.7451
vn 0.5720 0.2862 -0.7687
vn 0.3289 -0.3289 -0.8852
vn 0.3391 -0.2261 -0.9132
vn 0.4333 -0.2168 -0.8748
vn 0.4213 -0.3161 -0.8501
vn 0.1153 -0.3456 -0.9313
vn 0.1192 -0.2383 -0.9638
vn 0.2335 -0.2335 -0.9439
vn 0.2261 -0.3391 -0.9132
vn 0.1218 -0.1218 -0.9851
vn 0.1227 -0.0000 -0.9924
vn 0.2400 -0.0000 -0.9708
vn 0.2383 -0.1192 -0.9638
vn 0.2707 -0.6313 -0.7268
vn 0.2862 -0.5720 -0.7687
vn 0.3700 -0.5548 -0.7451
vn 0.3512 -0.6142 -0.7067
vn 0.0933 -0.6526 -0.7519
vn 0.0990 -0.5937 -0.7985
vn 0.1953 -0.5853 -0.7869
vn 0.1843 -0.6444 -0.7422
vn 0.1048 -0.5236 -0.8455
vn 0.1103 -0.4410 -0.8907
vn 0.2168 -0.4333 -0.8748
vn 0.2063 -0.5153 -0.8318
vn 0.5489 -0.5489 -0.6305
vn 0.5721 -0.4904 -0.6575
vn 0.6024 -0.4703 -0.6449
vn 0.5797 -0.5285 -0.6202
vn 0.4245 -0.5941 -0.6832
vn 0.4458 -0.5348 -0.7178
vn 0.5131 -0.5131 -0.6882
vn 0.4904 -0.5721 -0.6575
vn 0.4665 -0.4665 -0.7516
vn 0.4857 -0.3886 -0.7830
vn 0.5548 -0.3700 -0.7451
vn 0.5348 -0.4458 -0.7178
vn -0.5023 -0.3015 -0.8104
vn -0.5153 -0.2063 -0.8318
vn -0.4333 -0.2168 -0.8748
vn -0.4213 -0.3161 -0.8501
vn -0.6313 -0.2707 -0.7268
vn -0.6444 -0.1843 -0.7422
vn -0.5853 -0.1953 -0.7869
vn -0.5720 -0.2862 -0.7687
vn -0.6526 -0.0933 -0.7519
vn -0.6554 -0.0000 -0.7553
vn -0.5966 -0.0000 -0.8025
vn -0.5937 -0.0991 -0.7985
vn -0.4245 -0.5941 -0.6832
vn -0.4458 -0.5348 -0.7178
vn -0.3700 -0.5548 -0.7451
vn -0.3512 -0.6142 -0.7067
vn -0.5489 -0.5489 -0.6305
vn -0.5721 -0.4904 -0.6575
vn -0.5131 -0.5131 -0.6882
vn -0.4904 -0.5721 -0.6575
vn -0.5941 -0.4245 -0.6832
vn -0.6142 -0.3512 -0.7067
vn -0.5548 -0.3700 -0.7451
vn -0.5348 -0.4458 -0.7178
vn -0.0933 -0.6526 -0.7519
vn -0.0991 -0.5937 -0.7985
vn -0.0000 -0.5966 -0.8025
vn -0.0000 -0.6554 -0.7553
vn -0.2707 -0.6313 -0.7268
vn -0.2862 -0.5720 -0.7687
vn -0.1953 -0.5853 -0.7869
vn -0.1843 -0.6444 -0.7422
vn -0.3015 -0.5023 -0.8104
vn -0.3161 -0.4213 -0.8501
vn -0.2168 -0.4333 -0.8748
vn -0.2063 -0.5153 -0.8318
vn -0.4665 0.4665 -0.7516
vn -0.4458 0.5348 -0.7178
vn -0.3700 0.5548 -0.7451
vn -0.3886 0.4857 -0.7830
vn -0.5941 0.4245 -0.6832
vn -0.5721 0.4904 -0.6575
vn -0.5131 0.5131 -0.6882
vn -0.5348 0.4458 -0.7178
vn -0.5489 0.5489 -0.6305
vn -0.5285 0.5797 -0.6202
vn -0.4703 0.6024 -0.6449
vn -0.4904 0.5721 -0.6575
vn -0.5236 0.1048 -0.8455
vn -0.5153 0.2063 -0.8318
vn -0.4333 0.2168 -0.8748
vn -0.4410 0.1103 -0.8907
vn -0.6526 0.0933 -0.7519
vn -0.6444 0.1843 -0.7422
vn -0.5853 0.1953 -0.7869
vn -0.5937 0.0991 -0.7985
vn -0.6313 0.2707 -0.7268
vn -0.6142 0.3512 -0.7067
vn -0.5548 0.3700 -0.7451
vn -0.5720 0.2862 -0.7687
vn -0.1218 0.1218 -0.9851
vn -0.1192 0.2383 -0.9638
vn -0.0000 0.2400 -0.9708
vn -0.0000 0.1227 -0.9924
vn -0.3456 0.1153 -0.9313
vn -0.3391 0.2261 -0.9132
vn -0.2335 0.2335 -0.9439
vn -0.2383 0.1192 -0.9638
vn -0.3289 0.3289 -0.8852
vn -0.3161 0.4213 -0.8501
vn -0.2168 0.4333 -0.8748
vn -0.2261 0.3391 -0.9132
vn 0.8852 -0.3289 0.3289
vn 0.9132 -0.2261 0.3391
vn 0.8748 -0.2168 0.4333
vn 0.8501 -0.3161 0.4213
vn 0.9313 -0.3456 0.1153
vn 0.9638 -0.2383 0.1192
vn 0.9439 -0.2335 0.2335
vn 0.9132 -0.3391 0.2261
vn 0.9851 -0.1218 0.1218
vn 0.9924 -0.0000 0.1227
vn 0.9708 -0.0000 0.2400
vn 0.9638 -0.1192 0.2383
vn 0.7268 -0.6313 0.2707
vn 0.7687 -0.5720 0.2862
vn 0.7451 -0.5548 0.3700
vn 0.7067 -0.6142 0.3512
vn 0.7519 -0.6526 0.0933
vn 0.7985 -0.5937 0.0991
vn 0.7869 -0.5853 0.1953
vn 0.7422 -0.6444 0.1843
vn 0.8455 -0.5236 0.1048
vn 0.8907 -0.4410 0.1103
vn 0.8748 -0.4333 0.2168
vn 0.8318 -0.5153 0.2063
vn 0.6305 -0.5489 0.5489
vn 0.6575 -0.4904 0.5721
vn 0.6449 -0.4703 0.6024
vn 0.6202 -0.5285 0.5797
vn 0.6832 -0.5941 0.4245
vn 0.7178 -0.5348 0.4458
vn 0.6882 -0.5131 0.5131
vn 0.6575 -0.5721 0.4904
vn 0.7516 -0.4665 0.4665
vn 0.7830 -0.3886 0.4857
vn 0.7451 -0.3700 0.5548
vn 0.7178 -0.4458 0.5348
vn 0.8104 -0.3015 -0.5023
vn 0.8318 -0.2063 -0.5153
vn 0.8748 -0.2168 -0.4333
vn 0.8501 -0.3161 -0.4213
vn 0.7268 -0.2707 -0.6313
vn 0.7422 -0.1843 -0.6444
vn 0.7869 -0.1953 -0.5853
vn 0.7687 -0.2862 -0.5720
vn 0.7519 -0.0933 -0.6526
vn 0.7553 -0.0000 -0.6554
vn 0.8025 -0.0000 -0.5966
vn 0.7985 -0.0991 -0.5937
vn 0.6832 -0.5941 -0.4245
vn 0.7178 -0.5348 -0.4458
vn 0.7451 -0.5548 -0.3700
vn 0.7067 -0.6142 -0.3512
vn 0.6305 -0.5489 -0.5489
vn 0.6575 -0.4904 -0.5721
vn 0.6882 -0.5131 -0.5131
vn 0.6575 -0.5721 -0.4904
vn 0.6832 -0.4245 -0.5941
vn 0.7067 -0.3512 -0.6142
vn 0.7451 -0.3700 -0.5548
vn 0.7178 -0.4458 -0.5348
vn 0.7519 -0.6526 -0.0933
vn 0.7985 -0.5937 -0.0991
vn 0.8025 -0.5966 -0.0000
vn 0.7553 -0.6554 -0.0000
vn 0.7268 -0.6313 -0.2707
vn 0.7687 -0.5720 -0.2862
vn 0.7869 -0.5853 -0.1953
vn 0.7422 -0.6444 -0.1843
vn 0.8104 -0.5023 -0.3015
vn 0.8501 -0.4213 -0.3161
vn 0.8748 -0.4333 -0.2168
vn 0.8318 -0.5153 -0.2063
vn 0.7516 0.4665 -0.4665
vn 0.7178 0.5348 -0.4458
vn 0.7451 0.5548 -0.3700
vn 0.7830 0.4857 -0.3886
vn 0.6832 0.4245 -0.5941
vn 0.6575 0.4904 -0.5721
vn 0.6882 0.5131 -0.5131
vn 0.7178 0.4458 -0.5348
vn 0.6305 0.5489 -0.5489
vn 0.6202 0.5797 -0.5285
vn 0.6449 0.6024 -0.4703
vn 0.6575 0.5721 -0.4904
vn 0.8455 0.1048 -0.5236
vn 0.8318 0.2063 -0.5153
vn 0.8748 0.2168 -0.4333
vn 0.8907 0.1103 -0.4410
vn 0.7519 0.0933 -0.6526
vn 0.7422 0.1843 -0.6444
vn 0.7869 0.1953 -0.5853
vn 0.7985 0.0990 -0.5937
vn 0.7268 0.2707 -0.6313
vn 0.7067 0.3512 -0.6142
vn 0.7451 0.3700 -0.5548
vn 0.7687 0.2862 -0.5720
vn 0.9851 0.1218 -0.1218
vn 0.9638 0.2383 -0.1192
vn 0.9708 0.2400 -0.0000
vn 0.9924 0.1227 -0.0000
vn 0.9313 0.1153 -0.3456
vn 0.9132 0.2261 -0.3391
vn 0.9439 0.2335 -0.2335
vn 0.9638 0.1192 -0.2383
vn 0.8852 0.3289 -0.3289
vn 0.8501 0.4213 -0.3161
vn 0.8748 0.4333 -0.2168
vn 0.9132 0.3391 -0.2261
vn -0.3289 -0.8852 0.3289
vn -0.2261 -0.9132 0.3391
vn -0.2168 -0.8748 0.4333
vn -0.3161 -0.8501 0.4213
vn -0.3456 -0.9313 0.1153
vn -0.2383 -0.9638 0.1192
vn -0.2335 -0.9439 0.2335
vn -0.3391 -0.9132 0.2261
vn -0.1218 -0.9851 0.1218
vn -0.0000 -0.9924 0.1227
vn -0.0000 -0.9708 0.2400
vn -0.1192 -0.9638 0.2383
vn -0.6313 -0.7268 0.2707
vn -0.5720 -0.7687 0.2862
vn -0.5548 -0.7451 0.3700
vn -0.6142 -0.7067 0.3512
vn -0.6526 -0.7519 0.0933
vn -0.5937 -0.7985 0.0990
vn -0.5853 -0.7869 0.1953
vn -0.6444 -0.7422 0.1843
vn -0.5236 -0.8455 0.1048
vn -0.4410 -0.8907 0.1103
vn -0.4333 -0.8748 0.2168
vn -0.5153 -0.8318 0.2063
vn -0.5489 -0.6305 0.5489
vn -0.4904 -0.6575 0.5721
vn -0.4703 -0.6449 0.6024
vn -0.5285 -0.6202 0.5797
vn -0.5941 -0.6832 0.4245
vn -0.5348 -0.7178 0.4458
vn -0.5131 -0.6882 0.5131
vn -0.5721 -0.6575 0.4904
vn -0.4665 -0.7516 0.4665
vn -0.3886 -0.7830 0.4857
vn -0.3700 -0.7451 0.5548
vn -0.4458 -0.7178 0.5348
vn -0.3015 -0.8104 -0.5023
vn -0.2063 -0.8318 -0.5153
vn -0.2168 -0.8748 -0.4333
vn -0.3161 -0.8501 -0.4213
vn -0.2707 -0.7268 -0.6313
vn -0.1843 -0.7422 -0.6444
vn -0.1953 -0.7869 -0.5853
vn -0.2862 -0.7687 -0.5720
vn -0.0933 -0.7519 -0.6526
vn -0.0000 -0.7553 -0.6554
vn -0.0000 -0.8025 -0.5966
vn -0.0991 -0.7985 -0.5937
vn -0.5941 -0.6832 -0.4245
vn -0.5348 -0.7178 -0.4458
vn -0.5548 -0.7451 -0.3700
vn -0.6142 -0.7067 -0.3512
vn -0.5489 -0.6305 -0.5489
vn -0.4904 -0.6575 -0.5721
vn -0.5131 -0.6882 -0.5131
vn -0.5721 -0.6575 -0.4904
vn -0.4245 -0.6832 -0.5941
vn -0.3512 -0.7067 -0.6142
vn -0.3700 -0.7451 -0.5548
vn -0.4458 -0.7178 -0.5348
vn -0.6526 -0.7519 -0.0933
vn -0.5937 -0.7985 -0.0991
vn -0.5966 -0.8025 -0.0000
vn -0.6554 -0.7553 -0.0000
vn -0.6313 -0.7268 -0.2707
vn -0.5720 -0.7687 -0.2862
vn -0.5853 -0.7869 -0.1953
vn -0.6444 -0.7422 -0.1843
vn -0.5023 -0.8104 -0.3015
vn -0.4213 -0.8501 -0.3161
vn -0.4333 -0.8748 -0.2168
vn -0.5153 -0.8318 -0.2063
vn 0.4665 -0.7516 -0.4665
vn 0.5348 -0.7178 -0.4458
vn 0.5548 -0.7451 -0.3700
vn 0.4857 -0.7830 -0.3886
vn 0.4245 -0.6832 -0.5941
vn 0.4904 -0.6575 -0.5721
vn 0.5131 -0.6882 -0.5131
vn 0.4458 -0.7178 -0.5348
vn 0.5489 -0.6305 -0.5489
vn 0.5797 -0.6202 -0.5285
vn 0.6024 -0.6449 -0.4703
vn 0.5721 -0.6575 -0.4904
vn 0.1048 -0.8455 -0.5236
vn 0.2063 -0.8318 -0.5153
vn 0.2168 -0.8748 -0.4333
vn 0.1103 -0.8907 -0.4410
vn 0.0933 -0.7519 -0.6526
vn 0.1843 -0.7422 -0.6444
vn 0.1953 -0.7869 -0.5853
vn 0.0991 -0.7985 -0.5937
vn 0.2707 -0.7268 -0.6313
vn 0.3512 -0.7067 -0.6142
vn 0.3700 -0.7451 -0.5548
vn 0.2862 -0.7687 -0.5720
vn 0.1218 -0.9851 -0.1218
vn 0.2383 -0.9638 -0.1192
vn 0.2400 -0.9708 -0.0000
vn 0.1227 -0.9924 -0.0000
vn 0.1153 -0.9313 -0.3456
vn 0.2261 -0.9132 -0.3391
vn 0.2335 -0.9439 -0.2335
vn 0.1192 -0.9638 -0.2383
vn 0.3289 -0.8852 -0.3289
vn 0.4213 -0.8501 -0.3161
vn 0.4333 -0.8748 -0.2168
vn 0.3391 -0.9132 -0.2261
vn -0.8852 -0.3289 -0.3289
vn -0.9132 -0.2261 -0.3391
vn -0.8748 -0.2168 -0.4333
vn -0.8501 -0.3161 -0.4213
vn -0.9313 -0.3456 -0.1153
vn -0.9638 -0.2383 -0.1192
vn -0.9439 -0.2335 -0.2335
vn -0.9132 -0.3391 -0.2261
vn -0.9851 -0.1218 -0.1218
vn -0.9924 -0.0000 -0.1227
vn -0.9708 -0.0000 -0.2400
vn -0.9638 -0.1192 -0.2383
vn -0.7268 -0.6313 -0.2707
vn -0.7687 -0.5720 -0.2862
vn -0.7451 -0.5548 -0.3700
vn -0.7067 -0.6142 -0.3512
vn -0.7519 -0.6526 -0.0933
vn -0.7985 -0.5937 -0.0991
vn -0.7869 -0.5853 -0.1953
vn -0.7422 -0.6444 -0.1843
vn -0.8455 -0.5236 -0.1048
vn -0.8907 -0.4410 -0.1103
vn -0.8748 -0.4333 -0.2168
vn -0.8318 -0.5153 -0.2063
vn -0.6305 -0.5489 -0.5489
vn -0.6575 -0.4904 -0.5721
vn -0.6449 -0.4703 -0.6024
vn -0.6202 -0.5285 -0.5797
vn -0.6832 -0.5941 -0.4245
vn -0.7178 -0.5348 -0.4458
vn -0.6882 -0.5131 -0.5131
vn -0.6575 -0.5721 -0.4904
vn -0.7516 -0.4665 -0.4665
vn -0.7830 -0.3886 -0.4857
vn -0.7451 -0.3700 -0.5548
vn -0.7178 -0.4458 -0.5348
vn -0.8104 -0.3015 0.5023
vn -0.8318 -0.2063 0.5153
vn -0.8748 -0.2168 0.4333
vn -0.8501 -0.3161 0.4213
vn -0.7268 -0.2707 0.6313
vn -0.7422 -0.1843 0.6444
vn -0.7869 -0.1953 0.5853
vn -0.7687 -0.2862 0.5720
vn -0.7519 -0.0933 0.6526
vn -0.7553 -0.0000 0.6554
vn -0.8025 -0.0000 0.5966
vn -0.7985 -0.0991 0.5937
vn -0.6832 -0.5941 0.4245
vn -0.7178 -0.5348 0.4458
vn -0.7451 -0.5548 0.3700
vn -0.7067 -0.6142 0.3512
vn -0.6305 -0.5489 0.5489
vn -0.6575 -0.4904 0.5721
vn -0.6882 -0.5131 0.5131
vn -0.6575 -0.5721 0.4904
vn -0.6832 -0.4245 0.5941
vn -0.7067 -0.3512 0.6142
vn -0.7451 -0.3700 0.5548
vn -0.7178 -0.4458 0.5348
vn -0.7519 -0.6526 0.0933
vn -0.7985 -0.5937 0.0991
vn -0.8025 -0.5966 -0.0000
vn -0.7553 -0.6554 -0.0000
vn -0.7268 -0.6313 0.2707
vn -0.7687 -0.5720 0.2862
vn -0.7869 -0.5853 0.1953
vn -0.7422 -0.6444 0.1843
vn -0.8104 -0.5023 0.3015
vn -0.8501 -0.4213 0.3161
vn -0.8748 -0.4333 0.2168
vn -0.8318 -0.5153 0.2063
vn -0.7516 0.4665 0.4665
vn -0.7178 0.5348 0.4458
vn -0.7451 0.5548 0.3700
vn -0.7830 0.4857 0.3886
vn -0.6832 0.4245 0.5941
vn -0.6575 0.4904 0.5721
vn -0.6882 0.5131 0.5131
vn -0.7178 0.4458 0.5348
vn -0.6305 0.5489 0.5489
vn -0.6202 0.5797 0.5285
vn -0.6449 0.6024 0.4703
vn -0.6575 0.5721 0.4904
vn -0.8455 0.1048 0.5236
vn -0.8318 0.2063 0.5153
vn -0.8748 0.2168 0.4333
vn -0.8907 0.1103 0.4410
vn -0.7519 0.0933 0.6526
vn -0.7422 0.1843 0.6444
vn -0.7869 0.1953 0.5853
vn -0.7985 0.0991 0.5937
vn -0.7268 0.2707 0.6313
vn -0.7067 0.3512 0.6142
vn -0.7451 0.3700 0.5548
vn -0.7687 0.2862 0.5720
vn -0.9851 0.1218 0.1218
vn -0.9638 0.2383 0.1192
vn -0.9708 0.2400 -0.0000
vn -0.9924 0.1227 -0.0000
vn -0.9313 0.1153 0.3456
vn -0.9132 0.2261 0.3391
vn -0.9439 0.2335 0.2335
vn -0.9638 0.1192 0.2383
vn -0.8852 0.3289 0.3289
vn -0.8501 0.4213 0.3161
vn -0.8748 0.4333 0.2168
vn -0.9132 0.3391 0.2261
vn -0.3289 -0.3289 0.8852
vn -0.3391 -0.2261 0.9132
vn -0.4333 -0.2168 0.8748
vn -0.4213 -0.3161 0.8501
vn -0.1153 -0.3456 0.9313
vn -0.1192 -0.2383 0.9638
vn -0.2335 -0.2335 0.9439
vn -0.2261 -0.3391 0.9132
vn -0.1218 -0.1218 0.9851
vn -0.1227 -0.0000 0.9924
vn -0.2400 -0.0000 0.9708
vn -0.2383 -0.1192 0.9638
vn -0.2707 -0.6313 0.7268
vn -0.2862 -0.5720 0.7687
vn -0.3700 -0.5548 0.7451
vn -0.3512 -0.6142 0.7067
vn -0.0933 -0.6526 0.7519
vn -0.0990 -0.5937 0.7985
vn -0.1953 -0.5853 0.7869
vn -0.1843 -0.6444 0.7422
vn -0.1048 -0.5236 0.8455
vn -0.1103 -0.4410 0.8907
vn -0.2168 -0.4333 0.8748
vn -0.2063 -0.5153 0.8318
vn -0.5489 -0.5489 0.6305
vn -0.5721 -0.4904 0.6575
vn -0.6024 -0.4703 0.6449
vn -0.5797 -0.5285 0.6202
vn -0.4245 -0.5941 0.6832
vn -0.4458 -0.5348 0.7178
vn -0.5131 -0.5131 0.6882
vn -0.4904 -0.5721 0.6575
vn -0.4665 -0.4665 0.7516
vn -0.4857 -0.3886 0.7830
vn -0.5548 -0.3700 0.7451
vn -0.5348 -0.4458 0.7178
vn 0.5023 -0.3015 0.8104
vn 0.5153 -0.2063 0.8318
vn 0.4333 -0.2168 0.8748
vn 0.4213 -0.3161 0.8501
vn 0.6313 -0.2707 0.7268
vn 0.6444 -0.1843 0.7422
vn 0.5853 -0.1953 0.7869
vn 0.5720 -0.2862 0.7687
vn 0.6526 -0.0933 0.7519
vn 0.6554 -0.0000 0.7553
vn 0.5966 -0.0000 0.8025
vn 0.5937 -0.0991 0.7985
vn 0.4245 -0.5941 0.6832
vn 0.4458 -0.5348 0.7178
vn 0.3700 -0.5548 0.7451
vn 0.3512 -0.6142 0.7067
vn 0.5489 -0.5489 0.6305
vn 0.5721 -0.4904 0.6575
vn 0.5131 -0.5131 0.6882
vn 0.4904 -0.5721 0.6575
vn 0.5941 -0.4245 0.6832
vn 0.6142 -0.3512 0.7067
vn 0.5548 -0.3700 0.7451
vn 0.5348 -0.4458 0.7178
vn 0.0933 -0.6526 0.7519
vn 0.0991 -0.5937 0.7985
vn -0.0000 -0.5966 0.8025
vn -0.0000 -0.6554 0.7553
vn 0.2707 -0.6313 0.7268
vn 0.2862 -0.5720 0.7687
vn 0.1953 -0.5853 0.7869
vn 0.1843 -0.6444 0.7422
vn 0.3015 -0.5023 0.8104
vn 0.3161 -0.4213 0.8501
vn 0.2168 -0.4333 0.8748
vn 0.2063 -0.5153 0.8318
vn 0.4665 0.4665 0.7516
vn 0.4458 0.5348 0.7178
vn 0.3700 0.5548 0.7451
vn 0.3886 0.4857 0.7830
vn 0.5941 0.4245 0.6832
vn 0.5721 0.4904 0.6575
vn 0.5131 0.5131 0.6882
vn 0.5348 0.4458 0.7178
vn 0.5489 0.5489 0.6305
vn 0.5285 0.5797 0.6202
vn 0.4703 0.6024 0.6449
vn 0.4904 0.5721 0.6575
vn 0.5236 0.1048 0.8455
vn 0.5153 0.2063 0.8318
vn 0.4333 0.2168 0.8748
vn 0.4410 0.1103 0.8907
vn 0.6526 0.0933 0.7519
vn 0.6444 0.1843 0.7422
vn 0.5853 0.1953 0.7869
vn 0.5937 0.0991 0.7985
vn 0.6313 0.2707 0.7268
vn 0.6142 0.3512 0.7067
vn 0.5548 0.3700 0.7451
vn 0.5720 0.2862 0.7687
vn 0.1218 0.1218 0.9851
vn 0.1192 0.2383 0.9638
vn -0.0000 0.2400 0.9708
vn -0.0000 0.1227 0.9924
vn 0.3456 0.1153 0.9313
vn 0.3391 0.2261 0.9132
vn 0.2335 0.2335 0.9439
vn 0.2383 0.1192 0.9638
vn 0.3289 0.3289 0.8852
vn 0.3161 0.4213 0.8501
vn 0.2168 0.4333 0.8748
vn 0.2261 0.3391 0.9132
vn 0.3289 0.8852 0.3289
vn 0.2261 0.9132 0.3391
vn 0.2168 0.8748 0.4333
vn 0.3161 0.8501 0.4213
vn 0.3456 0.9313 0.1153
vn 0.2383 0.9638 0.1192
vn 0.2335 0.9439 0.2335
vn 0.3391 0.9132 0.2261
vn 0.1218 0.9851 0.1218
vn -0.0000 0.9924 0.1227
vn -0.0000 0.9708 0.2400
vn 0.1192 0.9638 0.2383
vn 0.6313 0.7268 0.2707
vn 0.5720 0.7687 0.2862
vn 0.5548 0.7451 0.3700
vn 0.6142 0.7067 0.3512
vn 0.6526 0.7519 0.0933
vn 0.5937 0.7985 0.0990
vn 0.5853 0.7869 0.1953
vn 0.6444 0.7422 0.1843
vn 0.5236 0.8455 0.1048
vn 0.4410 0.8907 0.1103
vn 0.4333 0.8748 0.2168
vn 0.5153 0.8318 0.2063
vn 0.5489 0.6305 0.5489
vn 0.4904 0.6575 0.5721
vn 0.4703 0.6449 0.6024
vn 0.5285 0.6202 0.5797
vn 0.5941 0.6832 0.4245
vn 0.5348 0.7178 0.4458
vn 0.5131 0.6882 0.5131
vn 0.5721 0.6575 0.4904
vn 0.4665 0.7516 0.4665
vn 0.3886 0.7830 0.4857
vn 0.3700 0.7451 0.5548
vn 0.4458 0.7178 0.5348
vn 0.3015 0.8104 -0.5023
vn 0.2063 0.8318 -0.5153
vn 0.2168 0.8748 -0.4333
vn 0.3161 0.8501 -0.4213
vn 0.2707 0.7268 -0.6313
vn 0.1843 0.7422 -0.6444
vn 0.1953 0.7869 -0.5853
vn 0.2862 0.7687 -0.5720
vn 0.0933 0.7519 -0.6526
vn -0.0000 0.7553 -0.6554
vn -0.0000 0.8025 -0.5966
vn 0.0991 0.7985 -0.5937
vn 0.5941 0.6832 -0.4245
vn 0.5348 0.7178 -0.4458
vn 0.5548 0.7451 -0.3700
vn 0.6142 0.7067 -0.3512
vn 0.5489 0.6305 -0.5489
vn 0.4904 0.6575 -0.5721
vn 0.5131 0.6882 -0.5131
vn 0.5721 0.6575 -0.4904
vn 0.4245 0.6832 -0.5941
vn 0.3512 0.7067 -0.6142
vn 0.3700 0.7451 -0.5548
vn 0.4458 0.7178 -0.5348
vn 0.6526 0.7519 -0.0933
vn 0.5937 0.7985 -0.0991
vn 0.5966 0.8025 -0.0000
vn 0.6554 0.7553 -0.0000
vn 0.6313 0.7268 -0.2707
vn 0.5720 0.7687 -0.2862
vn 0.5853 0.7869 -0.1953
vn 0.6444 0.7422 -0.1843
vn 0.5023 0.8104 -0.3015
vn 0.4213 0.8501 -0.3161
vn 0.4333 0.8748 -0.2168
vn 0.5153 0.8318 -0.2063
vn -0.4665 0.7516 -0.4665
vn -0.5348 0.7178 -0.4458
vn -0.5548 0.7451 -0.3700
vn -0.4857 0.7830 -0.3886
vn -0.4245 0.6832 -0.5941
vn -0.4904 0.6575 -0.5721
vn -0.5131 0.6882 -0.5131
vn -0.4458 0.7178 -0.5348
vn -0.5489 0.6305 -0.5489
vn -0.5797 0.6202 -0.5285
vn -0.6024 0.6449 -0.4703
vn -0.5721 0.6575 -0.4904
vn -0.1048 0.8455 -0.5236
vn -0.2063 0.8318 -0.5153
vn -0.2168 0.8748 -0.4333
vn -0.1103 0.8907 -0.4410
vn -0.0933 0.7519 -0.6526
vn -0.1843 0.7422 -0.6444
vn -0.1953 0.7869 -0.5853
vn -0.0991 0.7985 -0.5937
vn -0.2707 0.7268 -0.6313
vn -0.3512 0.7067 -0.6142
vn -0.3700 0.7451 -0.5548
vn -0.2862 0.7687 -0.5720
vn -0.1218 0.9851 -0.1218
vn -0.2383 0.9638 -0.1192
vn -0.2400 0.9708 -0.0000
vn -0.1227 0.9924 -0.0000
vn -0.1153 0.9313 -0.3456
vn -0.2261 0.9132 -0.3391
vn -0.2335 0.9439 -0.2335
vn -0.1192 0.9638 -0.2383
vn -0.3289 0.8852 -0.3289
vn -0.4213 0.8501 -0.3161
vn -0.4333 0.8748 -0.2168
vn -0.3391 0.9132 -0.2261
vn -0.5236 0.8455 -0.1048
vn -0.5937 0.7985 -0.0991
vn -0.5966 0.8025 -0.0000
vn -0.5264 0.8502 -0.0000
vn -0.5023 0.8104 -0.3015
vn -0.5720 0.7687 -0.2862
vn -0.5853 0.7869 -0.1953
vn -0.5153 0.8318 -0.2063
vn -0.6313 0.7268 -0.2707
vn -0.6592 0.7068 -0.2566
vn -0.6715 0.7203 -0.1741
vn -0.6444 0.7422 -0.1843
vn 0.3456 0.9313 -0.1153
vn 0.2383 0.9638 -0.1192
vn 0.2400 0.9708 -0.0000
vn 0.3479 0.9375 -0.0000
vn 0.3289 0.8852 -0.3289
vn 0.2261 0.9132 -0.3391
vn 0.2335 0.9439 -0.2335
vn 0.3391 0.9132 -0.2261
vn 0.1153 0.9313 -0.3456
vn -0.0000 0.9375 -0.3479
vn -0.0000 0.9708 -0.2400
vn 0.1192 0.9638 -0.2383
vn 0.2707 0.7268 0.6313
vn 0.1843 0.7422 0.6444
vn 0.1741 0.7203 0.6715
vn 0.2566 0.7068 0.6592
vn 0.3015 0.8104 0.5023
vn 0.2063 0.8318 0.5153
vn 0.1953 0.7869 0.5853
vn 0.2862 0.7687 0.5720
vn 0.1048 0.8455 0.5236
vn -0.0000 0.8502 0.5264
vn -0.0000 0.8025 0.5966
vn 0.0991 0.7985 0.5937
vn 0.1048 0.5236 0.8455
vn 0.0991 0.5937 0.7985
vn -0.0000 0.5966 0.8025
vn -0.0000 0.5264 0.8502
vn 0.3015 0.5023 0.8104
vn 0.2862 0.5720 0.7687
vn 0.1953 0.5853 0.7869
vn 0.2063 0.5153 0.8318
vn 0.2707 0.6313 0.7268
vn 0.2566 0.6592 0.7068
vn 0.1741 0.6715 0.7203
vn 0.1843 0.6444 0.7422
vn 0.1153 -0.3456 0.9313
vn 0.1192 -0.2383 0.9638
vn -0.0000 -0.2400 0.9708
vn -0.0000 -0.3479 0.9375
vn 0.3289 -0.3289 0.8852
vn 0.3391 -0.2261 0.9132
vn 0.2335 -0.2335 0.9439
vn 0.2261 -0.3391 0.9132
vn 0.3456 -0.1153 0.9313
vn 0.3479 -0.0000 0.9375
vn 0.2400 -0.0000 0.9708
vn 0.2383 -0.1192 0.9638
vn -0.6313 -0.2707 0.7268
vn -0.6444 -0.1843 0.7422
vn -0.6715 -0.1741 0.7203
vn -0.6592 -0.2566 0.7068
vn -0.5023 -0.3015 0.8104
vn -0.5153 -0.2063 0.8318
vn -0.5853 -0.1953 0.7869
vn -0.5720 -0.2862 0.7687
vn -0.5236 -0.1048 0.8455
vn -0.5264 -0.0000 0.8502
vn -0.5966 -0.0000 0.8025
vn -0.5937 -0.0991 0.7985
vn -0.8455 0.5236 0.1048
vn -0.7985 0.5937 0.0991
vn -0.8025 0.5966 -0.0000
vn -0.8502 0.5264 -0.0000
vn -0.8104 0.5023 0.3015
vn -0.7687 0.5720 0.2862
vn -0.7869 0.5853 0.1953
vn -0.8318 0.5153 0.2063
vn -0.7268 0.6313 0.2707
vn -0.7068 0.6592 0.2566
vn -0.7203 0.6715 0.1741
vn -0.7422 0.6444 0.1843
vn -0.9313 -0.3456 0.1153
vn -0.9638 -0.2383 0.1192
vn -0.9708 -0.2400 -0.0000
vn -0.9375 -0.3479 -0.0000
vn -0.8852 -0.3289 0.3289
vn -0.9132 -0.2261 0.3391
vn -0.9439 -0.2335 0.2335
vn -0.9132 -0.3391 0.2261
vn -0.9313 -0.1153 0.3456
vn -0.9375 -0.0000 0.3479
vn -0.9708 -0.0000 0.2400
vn -0.9638 -0.1192 0.2383
vn -0.7268 -0.2707 -0.6313
vn -0.7422 -0.1843 -0.6444
vn -0.7203 -0.1741 -0.6715
vn -0.7068 -0.2566 -0.6592
vn -0.8104 -0.3015 -0.5023
vn -0.8318 -0.2063 -0.5153
vn -0.7869 -0.1953 -0.5853
vn -0.7687 -0.2862 -0.5720
vn -0.8455 -0.1048 -0.5236
vn -0.8502 -0.0000 -0.5264
vn -0.8025 -0.0000 -0.5966
vn -0.7985 -0.0991 -0.5937
vn 0.5236 -0.8455 -0.1048
vn 0.5937 -0.7985 -0.0991
vn 0.5966 -0.8025 -0.0000
vn 0.5264 -0.8502 -0.0000
vn 0.5023 -0.8104 -0.3015
vn 0.5720 -0.7687 -0.2862
vn 0.5853 -0.7869 -0.1953
vn 0.5153 -0.8318 -0.2063
vn 0.6313 -0.7268 -0.2707
vn 0.6592 -0.7068 -0.2566
vn 0.6715 -0.7203 -0.1741
vn 0.6444 -0.7422 -0.1843
vn -0.3456 -0.9313 -0.1153
vn -0.2383 -0.9638 -0.1192
vn -0.2400 -0.9708 -0.0000
vn -0.3479 -0.9375 -0.0000
vn -0.3289 -0.8852 -0.3289
vn -0.2261 -0.9132 -0.3391
vn -0.2335 -0.9439 -0.2335
vn -0.3391 -0.9132 -0.2261
vn -0.1153 -0.9313 -0.3456
vn -0.0000 -0.9375 -0.3479
vn -0.0000 -0.9708 -0.2400
vn -0.1192 -0.9638 -0.2383
vn -0.2707 -0.7268 0.6313
vn -0.1843 -0.7422 0.6444
vn -0.1741 -0.7203 0.6715
vn -0.2566 -0.7068 0.6592
vn -0.3015 -0.8104 0.5023
vn -0.2063 -0.8318 0.5153
vn -0.1953 -0.7869 0.5853
vn -0.2862 -0.7687 0.5720
vn -0.1048 -0.8455 0.5236
vn -0.0000 -0.8502 0.5264
vn -0.0000 -0.8025 0.5966
vn -0.0991 -0.7985 0.5937
vn 0.8455 0.5236 -0.1048
vn 0.7985 0.5937 -0.0991
vn 0.8025 0.5966 -0.0000
vn 0.8502 0.5264 -0.0000
vn 0.8104 0.5023 -0.3015
vn 0.7687 0.5720 -0.2862
vn 0.7869 0.5853 -0.1953
vn 0.8318 0.5153 -0.2063
vn 0.7268 0.6313 -0.2707
vn 0.7068 0.6592 -0.2566
vn 0.7203 0.6715 -0.1741
vn 0.7422 0.6444 -0.1843
vn 0.9313 -0.3456 -0.1153
vn 0.9638 -0.2383 -0.1192
vn 0.9708 -0.2400 -0.0000
vn 0.9375 -0.3479 -0.0000
vn 0.8852 -0.3289 -0.3289
vn 0.9132 -0.2261 -0.3391
vn 0.9439 -0.2335 -0.2335
vn 0.9132 -0.3391 -0.2261
vn 0.9313 -0.1153 -0.3456
vn 0.9375 -0.0000 -0.3479
vn 0.9708 -0.0000 -0.2400
vn 0.9638 -0.1192 -0.2383
vn 0.7268 -0.2707 0.6313
vn 0.7422 -0.1843 0.6444
vn 0.7203 -0.1741 0.6715
vn 0.7068 -0.2566 0.6592
vn 0.8104 -0.3015 0.5023
vn 0.8318 -0.2063 0.5153
vn 0.7869 -0.1953 0.5853
vn 0.7687 -0.2862 0.5720
vn 0.8455 -0.1048 0.5236
vn 0.8502 -0.0000 0.5264
vn 0.8025 -0.0000 0.5966
vn 0.7985 -0.0990 0.5937
vn -0.1048 0.5236 -0.8455
vn -0.0991 0.5937 -0.7985
vn -0.0000 0.5966 -0.8025
vn -0.0000 0.5264 -0.8502
vn -0.3015 0.5023 -0.8104
vn -0.2862 0.5720 -0.7687
vn -0.1953 0.5853 -0.7869
vn -0.2063 0.5153 -0.8318
vn -0.2707 0.6313 -0.7268
vn -0.2566 0.6592 -0.7068
vn -0.1741 0.6715 -0.7203
vn -0.1843 0.6444 -0.7422
vn -0.1153 -0.3456 -0.9313
vn -0.1192 -0.2383 -0.9638
vn -0.0000 -0.2400 -0.9708
vn -0.0000 -0.3479 -0.9375
vn -0.3289 -0.3289 -0.8852
vn -0.3391 -0.2261 -0.9132
vn -0.2335 -0.2335 -0.9439
vn -0.2261 -0.3391 -0.9132
vn -0.3456 -0.1153 -0.9313
vn -0.3479 -0.0000 -0.9375
vn -0.2400 -0.0000 -0.9708
vn -0.2383 -0.1192 -0.9638
vn 0.6313 -0.2707 -0.7268
vn 0.6444 -0.1843 -0.7422
vn 0.6715 -0.1741 -0.7203
vn 0.6592 -0.2566 -0.7068
vn 0.5023 -0.3015 -0.8104
vn 0.5153 -0.2063 -0.8318
vn 0.5853 -0.1953 -0.7869
vn 0.5720 -0.2862 -0.7687
vn 0.5236 -0.1048 -0.8455
vn 0.5264 -0.0000 -0.8502
vn 0.5966 -0.0000 -0.8025
vn 0.5937 -0.0991 -0.7985
vn 0.5941 0.4245 -0.6832
vn 0.5721 0.4904 -0.6575
vn 0.6024 0.4703 -0.6449
vn 0.6239 0.4054 -0.6682
vn 0.4665 0.4665 -0.7516
vn 0.4458 0.5348 -0.7178
vn 0.5131 0.5131 -0.6882
vn 0.5348 0.4458 -0.7178
vn 0.4245 0.5941 -0.6832
vn 0.4054 0.6239 -0.6682
vn 0.4703 0.6024 -0.6449
vn 0.4904 0.5721 -0.6575
vn 0.6832 0.4245 0.5941
vn 0.6575 0.4904 0.5721
vn 0.6449 0.4703 0.6024
vn 0.6682 0.4054 0.6239
vn 0.7516 0.4665 0.4665
vn 0.7178 0.5348 0.4458
vn 0.6882 0.5131 0.5131
vn 0.7178 0.4458 0.5348
vn 0.6832 0.5941 0.4245
vn 0.6682 0.6239 0.4054
vn 0.6449 0.6024 0.4703
vn 0.6575 0.5721 0.4904
vn 0.4245 -0.6832 0.5941
vn 0.4904 -0.6575 0.5721
vn 0.4703 -0.6449 0.6024
vn 0.4054 -0.6682 0.6239
vn 0.4665 -0.7516 0.4665
vn 0.5348 -0.7178 0.4458
vn 0.5131 -0.6882 0.5131
vn 0.4458 -0.7178 0.5348
vn 0.5941 -0.6832 0.4245
vn 0.6239 -0.6682 0.4054
vn 0.6024 -0.6449 0.4703
vn 0.5721 -0.6575 0.4904
vn -0.6832 0.4245 -0.5941
vn -0.6575 0.4904 -0.5721
vn -0.6449 0.4703 -0.6024
vn -0.6682 0.4054 -0.6239
vn -0.7516 0.4665 -0.4665
vn -0.7178 0.5348 -0.4458
vn -0.6882 0.5131 -0.5131
vn -0.7178 0.4458 -0.5348
vn -0.6832 0.5941 -0.4245
vn -0.6682 0.6239 -0.4054
vn -0.6449 0.6024 -0.4703
vn -0.6575 0.5721 -0.4904
vn -0.5941 0.4245 0.6832
vn -0.5721 0.4904 0.6575
vn -0.6024 0.4703 0.6449
vn -0.6239 0.4054 0.6682
vn -0.4665 0.4665 0.7516
vn -0.4458 0.5348 0.7178
vn -0.5131 0.5131 0.6882
vn -0.5348 0.4458 0.7178
vn -0.4245 0.5941 0.6832
vn -0.4054 0.6239 0.6682
vn -0.4703 0.6024 0.6449
vn -0.4904 0.5721 0.6575
vn -0.4245 0.6832 0.5941
vn -0.4904 0.6575 0.5721
vn -0.4703 0.6449 0.6024
vn -0.4054 0.6682 0.6239
vn -0.4665 0.7516 0.4665
vn -0.5348 0.7178 0.4458
vn -0.5131 0.6882 0.5131
vn -0.4458 0.7178 0.5348
vn -0.5941 0.6832 0.4245
vn -0.6239 0.6682 0.4054
vn -0.6024 0.6449 0.4703
vn -0.5721 0.6575 0.4904
vn -0.1741 0.7203 -0.6715
vn -0.2566 0.7068 -0.6592
vn -0.3340 0.6891 -0.6431
vn -0.0000 0.7316 -0.6818
vn -0.0880 0.7287 -0.6792
vn -0.4703 0.6449 -0.6025
vn -0.5285 0.6202 -0.5797
vn -0.5640 0.6033 -0.5640
vn -0.4054 0.6682 -0.6239
vn 0.6592 0.7068 -0.2566
vn 0.6715 0.7203 -0.1741
vn 0.6431 0.6891 -0.3340
vn 0.6792 0.7287 -0.0880
vn 0.6818 0.7316 -0.0000
vn 0.4703 0.6449 -0.6024
vn 0.4054 0.6682 -0.6239
vn 0.3340 0.6891 -0.6431
vn 0.5797 0.6202 -0.5285
vn 0.6024 0.6449 -0.4703
vn 0.5640 0.6033 -0.5640
vn 0.5285 0.6202 -0.5797
vn 0.6239 0.6682 -0.4054
vn 0.1741 0.7203 -0.6715
vn 0.0880 0.7287 -0.6792
vn 0.2566 0.7068 -0.6592
vn 0.6239 0.6682 0.4054
vn 0.6024 0.6449 0.4703
vn 0.6431 0.6891 0.3340
vn 0.5797 0.6202 0.5285
vn 0.5640 0.6033 0.5640
vn 0.6792 0.7287 0.0880
vn 0.6715 0.7203 0.1741
vn 0.6592 0.7068 0.2566
vn 0.6715 0.1741 0.7203
vn 0.6592 0.2566 0.7068
vn 0.6431 0.3340 0.6891
vn 0.6818 -0.0000 0.7316
vn 0.6792 0.0880 0.7287
vn 0.6025 0.4703 0.6449
vn 0.5797 0.5285 0.6202
vn 0.5640 0.5640 0.6033
vn 0.6239 0.4054 0.6682
vn 0.2566 -0.6592 0.7068
vn 0.1741 -0.6715 0.7203
vn 0.3340 -0.6431 0.6891
vn 0.0880 -0.6792 0.7287
vn -0.0000 -0.6818 0.7316
vn 0.6024 -0.4703 0.6449
vn 0.6239 -0.4054 0.6682
vn 0.6431 -0.3340 0.6891
vn 0.5285 -0.5797 0.6202
vn 0.4703 -0.6024 0.6449
vn 0.5640 -0.5640 0.6033
vn 0.5797 -0.5285 0.6202
vn 0.4054 -0.6239 0.6682
vn 0.6715 -0.1741 0.7203
vn 0.6792 -0.0880 0.7287
vn 0.6592 -0.2566 0.7068
vn -0.4054 -0.6239 0.6682
vn -0.4703 -0.6024 0.6449
vn -0.3340 -0.6431 0.6891
vn -0.5285 -0.5797 0.6202
vn -0.5640 -0.5640 0.6033
vn -0.0880 -0.6792 0.7287
vn -0.1741 -0.6715 0.7203
vn -0.2566 -0.6592 0.7068
vn -0.7203 0.1741 0.6715
vn -0.7068 0.2566 0.6592
vn -0.6891 0.3340 0.6431
vn -0.7316 -0.0000 0.6818
vn -0.7287 0.0880 0.6792
vn -0.6449 0.4703 0.6024
vn -0.6202 0.5285 0.5797
vn -0.6033 0.5640 0.5640
vn -0.6682 0.4054 0.6239
vn -0.7068 -0.6592 0.2566
vn -0.7203 -0.6715 0.1741
vn -0.6891 -0.6431 0.3340
vn -0.7287 -0.6792 0.0880
vn -0.7316 -0.6818 -0.0000
vn -0.6449 -0.4703 0.6024
vn -0.6682 -0.4054 0.6239
vn -0.6891 -0.3340 0.6431
vn -0.6202 -0.5797 0.5285
vn -0.6449 -0.6024 0.4703
vn -0.6033 -0.5640 0.5640
vn -0.6202 -0.5285 0.5797
vn -0.6682 -0.6239 0.4054
vn -0.7203 -0.1741 0.6715
vn -0.7287 -0.0880 0.6792
vn -0.7068 -0.2566 0.6592
vn -0.6682 -0.6239 -0.4054
vn -0.6449 -0.6025 -0.4703
vn -0.6891 -0.6431 -0.3340
vn -0.6202 -0.5797 -0.5285
vn -0.6033 -0.5640 -0.5640
vn -0.7287 -0.6792 -0.0880
vn -0.7203 -0.6715 -0.1741
vn -0.7068 -0.6592 -0.2566
vn 0.1741 -0.7203 -0.6715
vn 0.2566 -0.7068 -0.6592
vn 0.3340 -0.6891 -0.6431
vn -0.0000 -0.7316 -0.6818
vn 0.0880 -0.7287 -0.6792
vn 0.4703 -0.6449 -0.6025
vn 0.5285 -0.6202 -0.5797
vn 0.5640 -0.6033 -0.5640
vn 0.4054 -0.6682 -0.6239
vn -0.6592 -0.7068 -0.2566
vn -0.6715 -0.7203 -0.1741
vn -0.6431 -0.6891 -0.3340
vn -0.6792 -0.7287 -0.0880
vn -0.6818 -0.7316 -0.0000
vn -0.4703 -0.6449 -0.6024
vn -0.4054 -0.6682 -0.6239
vn -0.3340 -0.6891 -0.6431
vn -0.5797 -0.6202 -0.5285
vn -0.6024 -0.6449 -0.4703
vn -0.5640 -0.6033 -0.5640
vn -0.5285 -0.6202 -0.5797
vn -0.6239 -0.6682 -0.4054
vn -0.1741 -0.7203 -0.6715
vn -0.0880 -0.7287 -0.6792
vn -0.2566 -0.7068 -0.6592
vn -0.6239 -0.6682 0.4054
vn -0.6024 -0.6449 0.4703
vn -0.6431 -0.6891 0.3340
vn -0.5797 -0.6202 0.5285
vn -0.5640 -0.6033 0.5640
vn -0.6792 -0.7287 0.0880
vn -0.6715 -0.7203 0.1741
vn -0.6592 -0.7068 0.2566
vn 0.7203 0.1741 -0.6715
vn 0.7068 0.2566 -0.6592
vn 0.6891 0.3340 -0.6431
vn 0.7316 -0.0000 -0.6818
vn 0.7287 0.0880 -0.6792
vn 0.6449 0.4703 -0.6024
vn 0.6202 0.5285 -0.5797
vn 0.6033 0.5640 -0.5640
vn 0.6682 0.4054 -0.6239
vn 0.7068 -0.6592 -0.2566
vn 0.7203 -0.6715 -0.1741
vn 0.6891 -0.6431 -0.3340
vn 0.7287 -0.6792 -0.0880
vn 0.7316 -0.6818 -0.0000
vn 0.6449 -0.4703 -0.6024
vn 0.6682 -0.4054 -0.6239
vn 0.6891 -0.3340 -0.6431
vn 0.6202 -0.5797 -0.5285
vn 0.6449 -0.6024 -0.4703
vn 0.6033 -0.5640 -0.5640
vn 0.6202 -0.5285 -0.5797
vn 0.6682 -0.6239 -0.4054
vn 0.7203 -0.1741 -0.6715
vn 0.7287 -0.0880 -0.6792
vn 0.7068 -0.2566 -0.6592
vn 0.6682 -0.6239 0.4054
vn 0.6449 -0.6024 0.4703
vn 0.6891 -0.6431 0.3340
vn 0.6202 -0.5797 0.5285
vn 0.6033 -0.5640 0.5640
vn 0.7287 -0.6792 0.0880
vn 0.7203 -0.6715 0.1741
vn 0.7068 -0.6592 0.2566
vn -0.6715 0.1741 -0.7203
vn -0.6592 0.2566 -0.7068
vn -0.6431 0.3340 -0.6891
vn -0.6818 -0.0000 -0.7316
vn -0.6792 0.0880 -0.7287
vn -0.6025 0.4703 -0.6449
vn -0.5797 0.5285 -0.6202
vn -0.5640 0.5640 -0.6033
vn -0.6239 0.4054 -0.6682
vn -0.2566 -0.6592 -0.7068
vn -0.1741 -0.6715 -0.7203
vn -0.3340 -0.6431 -0.6891
vn -0.0880 -0.6792 -0.7287
vn -0.0000 -0.6818 -0.7316
vn -0.6024 -0.4703 -0.6449
vn -0.6239 -0.4054 -0.6682
vn -0.6431 -0.3340 -0.6891
vn -0.5285 -0.5797 -0.6202
vn -0.4703 -0.6024 -0.6449
vn -0.5640 -0.5640 -0.6033
vn -0.5797 -0.5285 -0.6202
vn -0.4054 -0.6239 -0.6682
vn -0.6715 -0.1741 -0.7203
vn -0.6792 -0.0880 -0.7287
vn -0.6592 -0.2566 -0.7068
vn 0.4054 -0.6239 -0.6682
vn 0.4703 -0.6024 -0.6449
vn 0.3340 -0.6431 -0.6891
vn 0.5285 -0.5797 -0.6202
vn 0.5640 -0.5640 -0.6033
vn 0.0880 -0.6792 -0.7287
vn 0.1741 -0.6715 -0.7203
vn 0.2566 -0.6592 -0.7068
vt 0.064864 0.064864
vt 0.002701 0.064864
vt 0.002701 0.002701
vt 0.064864 0.002701
vt 0.064864 0.935136
vt 0.064864 0.997298
vt 0.002701 0.997298
vt 0.002701 0.935136
vt 0.935136 0.935136
vt 0.997298 0.935136
vt 0.997298 0.997298
vt 0.935136 0.997298
vt 0.064864 0.437838
vt 0.064864 0.500000
vt 0.002701 0.500000
vt 0.002701 0.437838
vt 0.562162 0.437838
vt 0.562162 0.500000
vt 0.500000 0.500000
vt 0.500000 0.437838
vt 0.562162 0.935136
vt 0.562162 0.997298
vt 0.500000 0.997298
vt 0.500000 0.935136
vt 0.437838 0.935136
vt 0.437838 0.997298
vt 0.437838 0.437838
vt 0.437838 0.500000
vt 0.935136 0.437838
vt 0.997298 0.437838
vt 0.997298 0.500000
vt 0.935136 0.500000
vt 0.562162 0.064864
vt 0.500000 0.064864
vt 0.500000 0.002701
vt 0.562162 0.002701
vt 0.562162 0.562162
vt 0.500000 0.562162
vt 0.064864 0.562162
vt 0.002701 0.562162
vt 0.313513 0.562162
vt 0.251351 0.562162
vt 0.251351 0.500000
vt 0.313513 0.500000
vt 0.313513 0.810812
vt 0.251351 0.810812
vt 0.251351 0.748649
vt 0.313513 0.748649
vt 0.064864 0.810812
vt 0.002701 0.810812
vt 0.002701 0.748649
vt 0.064864 0.748649
vt 0.810812 0.562162
vt 0.748649 0.562162
vt 0.748649 0.500000
vt 0.810812 0.500000
vt 0.810812 0.810812
vt 0.748649 0.810812
vt 0.748649 0.748649
vt 0.810812 0.748649
vt 0.562162 0.810812
vt 0.500000 0.810812
vt 0.500000 0.748649
vt 0.562162 0.748649
vt 0.810812 0.064864
vt 0.748649 0.064864
vt 0.748649 0.002701
vt 0.810812 0.002701
vt 0.810812 0.313513
vt 0.748649 0.313513
vt 0.748649 0.251351
vt 0.810812 0.251351
vt 0.562162 0.313513
vt 0.500000 0.313513
vt 0.500000 0.251351
vt 0.562162 0.251351
vt 0.562162 0.686487
vt 0.500000 0.686487
vt 0.810812 0.686487
vt 0.748649 0.686487
vt 0.810812 0.935136
vt 0.810812 0.997298
vt 0.748649 0.997298
vt 0.748649 0.935136
vt 0.562162 0.189188
vt 0.500000 0.189188
vt 0.810812 0.189188
vt 0.748649 0.189188
vt 0.810812 0.437838
vt 0.748649 0.437838
vt 0.064864 0.189188
vt 0.064864 0.251351
vt 0.002701 0.251351
vt 0.002701 0.189188
vt 0.313513 0.189188
vt 0.313513 0.251351
vt 0.251351 0.251351
vt 0.251351 0.189188
vt 0.313513 0.437838
vt 0.251351 0.437838
vt 0.686487 0.437838
vt 0.686487 0.500000
vt 0.686487 0.189188
vt 0.686487 0.251351
vt 0.935136 0.189188
vt 0.997298 0.189188
vt 0.997298 0.251351
vt 0.935136 0.251351
vt 0.189188 0.437838
vt 0.189188 0.500000
vt 0.189188 0.189188
vt 0.189188 0.251351
vt 0.437838 0.189188
vt 0.437838 0.251351
vt 0.189188 0.935136
vt 0.251351 0.935136
vt 0.251351 0.997298
vt 0.189188 0.997298
vt 0.189188 0.686487
vt 0.251351 0.686487
vt 0.189188 0.748649
vt 0.437838 0.686487
vt 0.437838 0.748649
vt 0.064864 0.686487
vt 0.002701 0.686487
vt 0.313513 0.686487
vt 0.313513 0.935136
vt 0.313513 0.997298
vt 0.686487 0.935136
vt 0.686487 0.997298
vt 0.686487 0.686487
vt 0.686487 0.748649
vt 0.935136 0.686487
vt 0.997298 0.686487
vt 0.997298 0.748649
vt 0.935136 0.748649
vt 0.313513 0.064864
vt 0.251351 0.064864
vt 0.251351 0.002701
vt 0.313513 0.002701
vt 0.313513 0.313513
vt 0.251351 0.313513
vt 0.064864 0.313513
vt 0.002701 0.313513
vt 0.189188 0.313513
vt 0.127026 0.313513
vt 0.127026 0.251351
vt 0.127026 0.437838
vt 0.127026 0.375675
vt 0.189188 0.375675
vt 0.002701 0.375675
vt 0.064864 0.375675
vt 0.437838 0.313513
vt 0.375675 0.313513
vt 0.375675 0.251351
vt 0.375675 0.437838
vt 0.375675 0.375675
vt 0.437838 0.375675
vt 0.251351 0.375675
vt 0.313513 0.375675
vt 0.437838 0.064864
vt 0.375675 0.064864
vt 0.375675 0.002701
vt 0.437838 0.002701
vt 0.375675 0.189188
vt 0.375675 0.127026
vt 0.437838 0.127026
vt 0.251351 0.127026
vt 0.313513 0.127026
vt 0.313513 0.872974
vt 0.251351 0.872974
vt 0.437838 0.810812
vt 0.437838 0.872974
vt 0.375675 0.872974
vt 0.375675 0.810812
vt 0.375675 0.997298
vt 0.375675 0.935136
vt 0.313513 0.624325
vt 0.251351 0.624325
vt 0.437838 0.562162
vt 0.437838 0.624325
vt 0.375675 0.624325
vt 0.375675 0.562162
vt 0.375675 0.748649
vt 0.375675 0.686487
vt 0.064864 0.624325
vt 0.002701 0.624325
vt 0.189188 0.562162
vt 0.189188 0.624325
vt 0.127026 0.624325
vt 0.127026 0.562162
vt 0.127026 0.748649
vt 0.127026 0.686487
vt 0.872974 0.686487
vt 0.872974 0.748649
vt 0.872974 0.562162
vt 0.872974 0.624325
vt 0.810812 0.624325
vt 0.935136 0.562162
vt 0.997298 0.562162
vt 0.997298 0.624325
vt 0.935136 0.624325
vt 0.624325 0.686487
vt 0.624325 0.748649
vt 0.624325 0.562162
vt 0.624325 0.624325
vt 0.562162 0.624325
vt 0.686487 0.562162
vt 0.748649 0.624325
vt 0.686487 0.624325
vt 0.624325 0.935136
vt 0.624325 0.997298
vt 0.624325 0.810812
vt 0.624325 0.872974
vt 0.562162 0.872974
vt 0.686487 0.810812
vt 0.748649 0.872974
vt 0.686487 0.872974
vt 0.375675 0.500000
vt 0.064864 0.127026
vt 0.002701 0.127026
vt 0.189188 0.064864
vt 0.189188 0.127026
vt 0.127026 0.127026
vt 0.127026 0.064864
vt 0.127026 0.189188
vt 0.810812 0.375675
vt 0.748649 0.375675
vt 0.935136 0.313513
vt 0.935136 0.375675
vt 0.872974 0.375675
vt 0.872974 0.313513
vt 0.872974 0.500000
vt 0.872974 0.437838
vt 0.810812 0.127026
vt 0.748649 0.127026
vt 0.935136 0.064864
vt 0.935136 0.127026
vt 0.872974 0.127026
vt 0.872974 0.064864
vt 0.872974 0.251351
vt 0.872974 0.189188
vt 0.562162 0.127026
vt 0.500000 0.127026
vt 0.686487 0.064864
vt 0.686487 0.127026
vt 0.624325 0.127026
vt 0.624325 0.064864
vt 0.624325 0.251351
vt 0.624325 0.189188
vt 0.810812 0.872974
vt 0.935136 0.810812
vt 0.935136 0.872974
vt 0.872974 0.872974
vt 0.872974 0.810812
vt 0.872974 0.997298
vt 0.872974 0.935136
vt 0.500000 0.624325
vt 0.127026 0.935136
vt 0.127026 0.997298
vt 0.127026 0.810812
vt 0.127026 0.872974
vt 0.064864 0.872974
vt 0.189188 0.810812
vt 0.189188 0.872974
vt 0.127026 0.500000
vt 0.997298 0.064864
vt 0.997298 0.127026
vt 0.624325 0.437838
vt 0.624325 0.500000
vt 0.624325 0.313513
vt 0.624325 0.375675
vt 0.562162 0.375675
vt 0.686487 0.313513
vt 0.686487 0.375675
vt 0.500000 0.375675
vt 0.872974 0.002701
vt 0.935136 0.002701
vt 0.500000 0.872974
vt 0.002701 0.872974
vt 0.624325 0.002701
vt 0.686487 0.002701
vt 0.997298 0.313513
vt 0.997298 0.375675
vt 0.997298 0.810812
vt 0.997298 0.872974
vt 0.127026 0.002701
vt 0.189188 0.002701
vt 0.997298 0.002701
s 1
usemtl Material.001
f 1538/1/1 389/2/2 7/3/3 390/4/4
f 1537/5/5 390/6/6 7/7/7 645/8/8
f 1536/5/9 641/6/10 5/7/11 647/8/12
f 1535/9/13 397/10/14 4/11/15 643/12/16
f 1534/5/17 387/6/18 3/7/19 644/8/20
f 1533/5/21 640/6/22 1/7/23 650/8/24
f 1532/13/25 411/14/26 20/15/27 638/16/28
f 1531/17/29 412/18/30 21/19/31 653/20/32
f 1530/21/33 628/22/34 10/23/35 654/24/36
f 1529/13/37 415/14/38 14/15/39 632/16/40
f 1528/17/41 416/18/42 22/19/43 657/20/44
f 1527/21/45 399/22/46 9/23/47 658/24/48
f 1526/25/49 419/24/50 13/23/51 631/26/52
f 1525/27/53 420/20/54 23/19/55 661/28/56
f 1524/29/57 409/30/58 19/31/59 662/32/60
f 1523/13/61 423/14/62 17/15/63 635/16/64
f 1522/17/65 424/18/66 24/19/67 665/20/68
f 1521/21/69 629/22/70 11/23/71 666/24/72
f 1520/13/73 427/14/74 15/15/75 633/16/76
f 1519/17/77 428/18/78 25/19/79 669/20/80
f 1518/21/81 402/22/82 12/23/83 670/24/84
f 1517/33/85 431/34/86 12/35/87 402/36/88
f 1516/37/89 432/38/90 26/19/91 673/18/92
f 1515/39/93 401/40/94 11/15/95 674/14/96
f 1514/41/97 483/42/98 74/43/99 626/44/100
f 1513/45/101 484/46/102 75/47/103 677/48/104
f 1512/49/105 449/50/106 41/51/107 678/52/108
f 1511/53/109 487/54/110 73/55/111 625/56/112
f 1510/57/113 488/58/114 76/59/115 681/60/116
f 1509/61/117 480/62/118 72/63/119 682/64/120
f 1508/65/121 491/66/122 42/67/123 450/68/124
f 1507/69/125 492/70/126 77/71/127 685/72/128
f 1506/73/129 479/74/130 71/75/131 686/76/132
f 1505/77/133 495/64/134 70/63/135 622/78/136
f 1504/79/137 496/60/138 78/59/139 689/80/140
f 1503/81/141 450/82/142 42/83/143 690/84/144
f 1502/85/145 499/76/146 69/75/147 621/86/148
f 1501/87/149 500/72/150 79/71/151 693/88/152
f 1500/89/153 476/56/154 68/55/155 694/90/156
f 1499/91/157 503/92/158 33/93/159 585/94/160
f 1498/95/161 504/96/162 80/97/163 697/98/164
f 1497/99/165 475/44/166 67/43/167 698/100/168
f 1496/77/169 507/64/170 66/63/171 618/78/172
f 1495/79/173 508/60/174 81/59/175 701/80/176
f 1494/81/177 581/82/178 29/83/179 702/84/180
f 1493/85/181 511/76/182 65/75/183 617/86/184
f 1492/87/185 512/72/186 82/71/187 705/88/188
f 1491/89/189 472/56/190 64/55/191 706/90/192
f 1490/91/193 515/92/194 35/93/195 587/94/196
f 1489/95/197 516/96/198 83/97/199 709/98/200
f 1488/99/201 471/44/202 63/43/203 710/100/204
f 1487/101/205 519/90/206 62/55/207 614/102/208
f 1486/103/209 520/88/210 84/71/211 713/104/212
f 1485/105/213 457/106/214 49/107/215 714/108/216
f 1484/109/217 523/100/218 61/43/219 613/110/220
f 1483/111/221 524/98/222 85/97/223 717/112/224
f 1482/113/225 468/86/226 60/75/227 718/114/228
f 1481/115/229 527/116/230 31/117/231 583/118/232
f 1480/119/233 528/120/234 86/47/235 721/121/236
f 1479/122/237 467/78/238 59/63/239 722/123/240
f 1478/77/241 531/64/242 58/63/243 610/78/244
f 1477/79/245 532/60/246 87/59/247 725/80/248
f 1476/81/249 447/82/250 39/83/251 726/84/252
f 1475/85/253 535/76/254 57/75/255 609/86/256
f 1474/87/257 536/72/258 88/71/259 729/88/260
f 1473/89/261 464/56/262 56/55/263 730/90/264
f 1472/91/265 539/92/266 32/93/267 584/94/268
f 1471/95/269 540/96/270 89/97/271 733/98/272
f 1470/99/273 463/44/274 55/43/275 734/100/276
f 1469/77/277 543/64/278 54/63/279 606/78/280
f 1468/79/281 544/60/282 90/59/283 737/80/284
f 1467/81/285 580/82/286 28/83/287 738/84/288
f 1466/85/289 547/76/290 53/75/291 605/86/292
f 1465/87/293 548/72/294 91/71/295 741/88/296
f 1464/89/297 460/56/298 52/55/299 742/90/300
f 1463/91/301 551/92/302 38/93/303 590/94/304
f 1462/95/305 552/96/306 92/97/307 745/98/308
f 1461/99/309 459/44/310 51/43/311 746/100/312
f 1460/124/313 555/52/314 50/51/315 602/125/316
f 1459/126/317 556/48/318 93/47/319 749/120/320
f 1458/127/321 592/128/322 40/117/323 750/116/324
f 1457/124/325 559/52/326 44/51/327 596/125/328
f 1456/126/329 560/48/330 94/47/331 753/120/332
f 1455/127/333 435/128/334 27/117/335 754/116/336
f 1454/129/337 563/84/338 43/83/339 595/130/340
f 1453/131/341 564/80/342 95/59/343 757/132/344
f 1452/133/345 445/134/346 37/135/347 758/136/348
f 1451/124/349 567/52/350 47/51/351 599/125/352
f 1450/126/353 568/48/354 96/47/355 761/120/356
f 1449/127/357 593/128/358 41/117/359 762/116/360
f 1448/124/361 571/52/362 45/51/363 597/125/364
f 1447/126/365 572/48/366 97/47/367 765/120/368
f 1446/127/369 438/128/370 30/117/371 766/116/372
f 1445/137/373 575/138/374 30/139/375 438/140/376
f 1444/141/377 576/142/378 98/97/379 769/96/380
f 1443/143/381 437/144/382 29/93/383 770/92/384
f 1442/145/385 771/146/386 290/147/387 578/112/388
f 1441/109/389 772/148/390 291/149/391 773/150/392
f 1440/13/393 629/16/394 149/151/395 774/152/396
f 1439/153/397 775/154/398 289/155/399 577/114/400
f 1438/27/401 776/156/402 292/157/403 777/158/404
f 1437/99/405 768/100/406 288/159/407 778/160/408
f 1436/161/409 779/162/410 150/163/411 630/164/412
f 1435/113/413 780/165/414 293/166/415 781/167/416
f 1434/95/417 767/98/418 287/168/419 782/169/420
f 1433/45/421 783/170/422 286/171/423 574/46/424
f 1432/172/425 784/173/426 294/174/427 785/175/428
f 1431/25/429 630/26/430 150/176/431 786/177/432
f 1430/41/433 787/178/434 285/179/435 573/42/436
f 1429/180/437 788/181/438 295/182/439 789/183/440
f 1428/122/441 764/123/442 284/184/443 790/185/444
f 1427/39/445 791/186/446 117/187/447 405/40/448
f 1426/188/449 792/189/450 296/190/451 793/191/452
f 1425/119/453 763/121/454 283/192/455 794/193/456
f 1424/45/457 795/170/458 282/171/459 570/46/460
f 1423/172/461 796/173/462 297/174/463 797/175/464
f 1422/25/465 401/26/466 113/176/467 798/177/468
f 1421/41/469 799/178/470 281/179/471 569/42/472
f 1420/180/473 800/181/474 298/182/475 801/183/476
f 1419/122/477 760/123/478 280/184/479 802/185/480
f 1418/39/481 803/186/482 119/187/483 407/40/484
f 1417/188/485 804/189/486 299/190/487 805/191/488
f 1416/119/489 759/121/490 279/192/491 806/193/492
f 1415/79/493 807/194/494 278/195/495 566/60/496
f 1414/53/497 808/196/498 300/197/499 809/198/500
f 1413/199/501 637/200/502 157/201/503 810/202/504
f 1412/77/505 811/203/506 277/204/507 565/64/508
f 1411/37/509 812/205/510 301/206/511 813/207/512
f 1410/208/513 756/54/514 276/209/515 814/210/516
f 1409/21/517 815/211/518 115/212/519 403/22/520
f 1408/61/521 816/213/522 302/214/523 817/215/524
f 1407/216/525 755/58/526 275/217/527 818/218/528
f 1406/45/529 819/170/530 274/171/531 562/46/532
f 1405/172/533 820/173/534 303/174/535 821/175/536
f 1404/25/537 627/26/538 147/176/539 822/177/540
f 1403/41/541 823/178/542 273/179/543 561/42/544
f 1402/180/545 824/181/546 304/182/547 825/183/548
f 1401/122/549 752/123/550 272/184/551 826/185/552
f 1400/39/553 827/186/554 116/187/555 404/40/556
f 1399/188/557 828/189/558 305/190/559 829/191/560
f 1398/119/561 751/121/562 271/192/563 830/193/564
f 1397/45/565 831/170/566 270/171/567 558/46/568
f 1396/172/569 832/173/570 306/174/571 833/175/572
f 1395/25/573 400/26/574 112/176/575 834/177/576
f 1394/41/577 835/178/578 269/179/579 557/42/580
f 1393/180/581 836/181/582 307/182/583 837/183/584
f 1392/122/585 748/123/586 268/184/587 838/185/588
f 1391/39/589 839/186/590 122/187/591 410/40/592
f 1390/188/593 840/189/594 308/190/595 841/191/596
f 1389/119/597 747/121/598 267/192/599 842/193/600
f 1388/141/601 843/160/602 266/159/603 554/142/604
f 1387/153/605 844/158/606 309/157/607 845/154/608
f 1386/27/609 651/28/610 171/219/611 846/156/612
f 1385/137/613 847/169/614 265/168/615 553/138/616
f 1384/161/617 848/167/618 310/166/619 849/162/620
f 1383/113/621 744/114/622 264/155/623 850/165/624
f 1382/1/625 851/220/626 110/221/627 398/2/628
f 1381/222/629 852/223/630 311/224/631 853/225/632
f 1380/111/633 743/112/634 263/147/635 854/226/636
f 1379/69/637 855/227/638 262/228/639 550/70/640
f 1378/229/641 856/230/642 312/231/643 857/232/644
f 1377/29/645 652/32/646 172/233/647 858/234/648
f 1376/65/649 859/235/650 261/236/651 549/66/652
f 1375/237/653 860/238/654 313/239/655 861/240/656
f 1374/105/657 740/108/658 260/241/659 862/242/660
f 1373/33/661 863/243/662 125/244/663 413/34/664
f 1372/245/665 864/246/666 314/247/667 865/248/668
f 1371/103/669 739/104/670 259/249/671 866/250/672
f 1370/57/673 867/251/674 258/217/675 546/58/676
f 1369/252/677 868/253/678 315/254/679 869/255/680
f 1368/9/681 388/12/682 100/256/683 870/257/684
f 1367/53/685 871/198/686 257/209/687 545/54/688
f 1366/199/689 872/202/690 316/197/691 873/196/692
f 1365/133/693 736/136/694 256/195/695 874/194/696
f 1364/37/697 875/207/698 126/258/699 414/38/700
f 1363/208/701 876/210/702 317/206/703 877/205/704
f 1362/131/705 735/132/706 255/204/707 878/203/708
f 1361/141/709 879/160/710 254/159/711 542/142/712
f 1360/153/713 880/158/714 318/157/715 881/154/716
f 1359/27/717 655/28/718 175/219/719 882/156/720
f 1358/137/721 883/169/722 253/168/723 541/138/724
f 1357/161/725 884/167/726 319/166/727 885/162/728
f 1356/113/729 732/114/730 252/155/731 886/165/732
f 1355/1/733 887/220/734 104/221/735 392/2/736
f 1354/222/737 888/223/738 320/224/739 889/225/740
f 1353/111/741 731/112/742 251/147/743 890/226/744
f 1352/69/745 891/227/746 250/228/747 538/70/748
f 1351/229/749 892/230/750 321/231/751 893/232/752
f 1350/29/753 656/32/754 176/233/755 894/234/756
f 1349/65/757 895/235/758 249/236/759 537/66/760
f 1348/237/761 896/238/762 322/239/763 897/240/764
f 1347/105/765 728/108/766 248/241/767 898/242/768
f 1346/33/769 899/243/770 129/244/771 417/34/772
f 1345/245/773 900/246/774 323/247/775 901/248/776
f 1344/103/777 727/104/778 247/249/779 902/250/780
f 1343/57/781 903/251/782 246/217/783 534/58/784
f 1342/252/785 904/253/786 324/254/787 905/255/788
f 1341/9/789 639/12/790 159/256/791 906/257/792
f 1340/53/793 907/198/794 245/209/795 533/54/796
f 1339/199/797 908/202/798 325/197/799 909/196/800
f 1338/133/801 724/136/802 244/195/803 910/194/804
f 1337/37/805 911/207/806 130/258/807 418/38/808
f 1336/208/809 912/210/810 326/206/811 913/205/812
f 1335/131/813 723/132/814 243/204/815 914/203/816
f 1334/126/817 915/185/818 242/184/819 530/48/820
f 1333/41/821 916/183/822 327/182/823 917/178/824
f 1332/180/825 659/38/826 179/258/827 918/181/828
f 1331/124/829 919/193/830 241/192/831 529/52/832
f 1330/39/833 920/191/834 328/190/835 921/186/836
f 1329/188/837 720/42/838 240/179/839 922/189/840
f 1328/5/841 923/259/842 103/260/843 391/6/844
f 1327/49/845 924/261/846 329/262/847 925/263/848
f 1326/264/849 719/46/850 239/171/851 926/265/852
f 1325/95/853 927/165/854 238/155/855 526/96/856
f 1324/137/857 928/162/858 330/166/859 929/169/860
f 1323/161/861 660/34/862 180/244/863 930/167/864
f 1322/91/865 931/226/866 237/147/867 525/92/868
f 1321/1/869 932/225/870 331/224/871 933/220/872
f 1320/222/873 716/138/874 236/168/875 934/223/876
f 1319/13/877 935/148/878 133/266/879 421/14/880
f 1318/143/881 936/146/882 332/149/883 937/152/884
f 1317/145/885 715/142/886 235/159/887 938/150/888
f 1316/87/889 939/242/890 234/241/891 522/72/892
f 1315/65/893 940/240/894 333/239/895 941/235/896
f 1314/237/897 649/267/898 169/268/899 942/238/900
f 1313/85/901 943/250/902 233/249/903 521/76/904
f 1312/33/905 944/248/906 334/247/907 945/243/908
f 1311/245/909 712/66/910 232/236/911 946/246/912
f 1310/17/913 947/269/914 134/270/915 422/18/916
f 1309/73/917 948/271/918 335/272/919 949/273/920
f 1308/274/921 711/70/922 231/228/923 950/275/924
f 1307/141/925 951/160/926 230/159/927 518/142/928
f 1306/153/929 952/158/930 336/157/931 953/154/932
f 1305/27/933 663/28/934 183/219/935 954/156/936
f 1304/137/937 955/169/938 229/168/939 517/138/940
f 1303/161/941 956/167/942 337/166/943 957/162/944
f 1302/113/945 708/114/946 228/155/947 958/165/948
f 1301/1/949 959/220/950 107/221/951 395/2/952
f 1300/222/953 960/223/954 338/224/955 961/225/956
f 1299/111/957 707/112/958 227/147/959 962/226/960
f 1298/69/961 963/227/962 226/228/963 514/70/964
f 1297/229/965 964/230/966 339/231/967 965/232/968
f 1296/29/969 664/32/970 184/233/971 966/234/972
f 1295/65/973 967/235/974 225/236/975 513/66/976
f 1294/237/977 968/238/978 340/239/979 969/240/980
f 1293/105/981 704/108/982 224/241/983 970/242/984
f 1292/33/985 971/243/986 137/244/987 425/34/988
f 1291/245/989 972/246/990 341/247/991 973/248/992
f 1290/103/993 703/104/994 223/249/995 974/250/996
f 1289/57/997 975/251/998 222/217/999 510/58/1000
f 1288/252/1001 976/253/1002 342/254/1003 977/255/1004
f 1287/9/1005 389/12/1006 101/256/1007 978/257/1008
f 1286/53/1009 979/198/1010 221/209/1011 509/54/1012
f 1285/199/1013 980/202/1014 343/197/1015 981/196/1016
f 1284/133/1017 700/136/1018 220/195/1019 982/194/1020
f 1283/37/1021 983/207/1022 138/258/1023 426/38/1024
f 1282/208/1025 984/210/1026 344/206/1027 985/205/1028
f 1281/131/1029 699/132/1030 219/204/1031 986/203/1032
f 1280/141/1033 987/160/1034 218/159/1035 506/142/1036
f 1279/153/1037 988/158/1038 345/157/1039 989/154/1040
f 1278/27/1041 667/28/1042 187/219/1043 990/156/1044
f 1277/137/1045 991/169/1046 217/168/1047 505/138/1048
f 1276/161/1049 992/167/1050 346/166/1051 993/162/1052
f 1275/113/1053 696/114/1054 216/155/1055 994/165/1056
f 1274/1/1057 995/220/1058 105/221/1059 393/2/1060
f 1273/222/1061 996/223/1062 347/224/1063 997/225/1064
f 1272/111/1065 695/112/1066 215/147/1067 998/226/1068
f 1271/69/1069 999/227/1070 214/228/1071 502/70/1072
f 1270/229/1073 1000/230/1074 348/231/1075 1001/232/1076
f 1269/29/1077 668/32/1078 188/233/1079 1002/234/1080
f 1268/65/1081 1003/235/1082 213/236/1083 501/66/1084
f 1267/237/1085 1004/238/1086 349/239/1087 1005/240/1088
f 1266/105/1089 692/108/1090 212/241/1091 1006/242/1092
f 1265/33/1093 1007/243/1094 141/244/1095 429/34/1096
f 1264/245/1097 1008/246/1098 350/247/1099 1009/248/1100
f 1263/103/1101 691/104/1102 211/249/1103 1010/250/1104
f 1262/57/1105 1011/251/1106 210/217/1107 498/58/1108
f 1261/252/1109 1012/253/1110 351/254/1111 1013/255/1112
f 1260/9/1113 642/12/1114 162/256/1115 1014/257/1116
f 1259/53/1117 1015/198/1118 209/209/1119 497/54/1120
f 1258/199/1121 1016/202/1122 352/197/1123 1017/196/1124
f 1257/133/1125 688/136/1126 208/195/1127 1018/194/1128
f 1256/37/1129 1019/207/1130 142/258/1131 430/38/1132
f 1255/208/1133 1020/210/1134 353/206/1135 1021/205/1136
f 1254/131/1137 687/132/1138 207/204/1139 1022/203/1140
f 1253/274/1141 1023/271/1142 206/249/1143 494/104/1144
f 1252/101/1145 1024/269/1146 354/272/1147 1025/275/1148
f 1251/17/1149 671/20/1150 191/276/1151 1026/273/1152
f 1250/229/1153 1027/232/1154 205/241/1155 493/108/1156
f 1249/29/1157 1028/234/1158 355/231/1159 1029/230/1160
f 1248/89/1161 684/90/1162 204/228/1163 1030/227/1164
f 1247/237/1165 1031/240/1166 162/277/1167 642/278/1168
f 1246/105/1169 1032/242/1170 356/239/1171 1033/238/1172
f 1245/87/1173 683/88/1174 203/236/1175 1034/235/1176
f 1244/216/1177 1035/213/1178 202/204/1179 490/132/1180
f 1243/129/1181 1036/211/1182 357/214/1183 1037/218/1184
f 1242/21/1185 672/24/1186 192/279/1187 1038/215/1188
f 1241/252/1189 1039/255/1190 201/195/1191 489/136/1192
f 1240/9/1193 1040/257/1194 358/254/1195 1041/253/1196
f 1239/81/1197 680/84/1198 200/217/1199 1042/251/1200
f 1238/199/1201 1043/196/1202 145/233/1203 433/32/1204
f 1237/133/1205 1044/194/1206 359/197/1207 1045/202/1208
f 1236/79/1209 679/80/1210 199/209/1211 1046/198/1212
f 1235/264/1213 1047/261/1214 198/192/1215 486/121/1216
f 1234/115/1217 1048/259/1218 360/262/1219 1049/265/1220
f 1233/5/1221 641/8/1222 161/280/1223 1050/263/1224
f 1232/172/1225 1051/175/1226 197/184/1227 485/123/1228
f 1231/25/1229 1052/177/1230 361/174/1231 1053/173/1232
f 1230/127/1233 676/116/1234 196/171/1235 1054/170/1236
f 1229/180/1237 1055/183/1238 146/219/1239 434/28/1240
f 1228/122/1241 1056/185/1242 362/182/1243 1057/181/1244
f 1227/126/1245 675/120/1246 195/179/1247 1058/178/1248
f 1226/188/1249 1059/191/1250 194/266/1251 482/110/1252
f 1225/119/1253 1060/193/1254 363/190/1255 1061/189/1256
f 1224/124/1257 593/125/1258 113/187/1259 1062/186/1260
f 1223/208/1261 1063/205/1262 193/270/1263 481/102/1264
f 1222/131/1265 1064/203/1266 364/206/1267 1065/210/1268
f 1221/77/1269 624/78/1270 144/258/1271 1066/207/1272
f 1220/245/1273 1067/248/1274 114/281/1275 594/282/1276
f 1219/103/1277 1068/250/1278 365/247/1279 1069/246/1280
f 1218/85/1281 623/86/1282 143/244/1283 1070/243/1284
f 1217/61/1285 1071/215/1286 190/279/1287 478/62/1288
f 1216/216/1289 1072/218/1290 366/214/1291 1073/213/1292
f 1215/129/1293 594/130/1294 114/212/1295 1074/211/1296
f 1214/73/1297 1075/273/1298 189/276/1299 477/74/1300
f 1213/274/1301 1076/275/1302 367/272/1303 1077/271/1304
f 1212/101/1305 620/102/1306 140/270/1307 1078/269/1308
f 1211/143/1309 1079/152/1310 153/151/1311 441/144/1312
f 1210/145/1313 1080/150/1314 368/149/1315 1081/146/1316
f 1209/109/1317 619/110/1318 139/266/1319 1082/148/1320
f 1208/61/1321 1083/215/1322 186/279/1323 474/62/1324
f 1207/216/1325 1084/218/1326 369/214/1327 1085/213/1328
f 1206/129/1329 437/130/1330 149/212/1331 1086/211/1332
f 1205/73/1333 1087/273/1334 185/276/1335 473/74/1336
f 1204/274/1337 1088/275/1338 370/272/1339 1089/271/1340
f 1203/101/1341 616/102/1342 136/270/1343 1090/269/1344
f 1202/143/1345 1091/152/1346 155/151/1347 443/144/1348
f 1201/145/1349 1092/150/1350 371/149/1351 1093/146/1352
f 1200/109/1353 615/110/1354 135/266/1355 1094/148/1356
f 1199/89/1357 1095/234/1358 182/233/1359 470/56/1360
f 1198/69/1361 1096/232/1362 372/231/1363 1097/227/1364
f 1197/229/1365 601/283/1366 121/284/1367 1098/230/1368
f 1196/99/1369 1099/156/1370 181/219/1371 469/44/1372
f 1195/141/1373 1100/154/1374 373/157/1375 1101/160/1376
f 1194/153/1377 612/74/1378 132/276/1379 1102/158/1380
f 1193/127/1381 1103/177/1382 151/176/1383 439/128/1384
f 1192/45/1385 1104/175/1386 374/174/1387 1105/170/1388
f 1191/172/1389 611/62/1390 131/279/1391 1106/173/1392
f 1190/61/1393 1107/215/1394 178/279/1395 466/62/1396
f 1189/216/1397 1108/218/1398 375/214/1399 1109/213/1400
f 1188/129/1401 591/130/1402 111/212/1403 1110/211/1404
f 1187/73/1405 1111/273/1406 177/276/1407 465/74/1408
f 1186/274/1409 1112/275/1410 376/272/1411 1113/271/1412
f 1185/101/1413 608/102/1414 128/270/1415 1114/269/1416
f 1184/143/1417 1115/152/1418 152/151/1419 440/144/1420
f 1183/145/1421 1116/150/1422 377/149/1423 1117/146/1424
f 1182/109/1425 607/110/1426 127/266/1427 1118/148/1428
f 1181/61/1429 1119/215/1430 174/279/1431 462/62/1432
f 1180/216/1433 1120/218/1434 378/214/1435 1121/213/1436
f 1179/129/1437 436/130/1438 148/212/1439 1122/211/1440
f 1178/73/1441 1123/273/1442 173/276/1443 461/74/1444
f 1177/274/1445 1124/275/1446 379/272/1447 1125/271/1448
f 1176/101/1449 604/102/1450 124/270/1451 1126/269/1452
f 1175/143/1453 1127/152/1454 158/151/1455 446/144/1456
f 1174/145/1457 1128/150/1458 380/149/1459 1129/146/1460
f 1173/109/1461 603/110/1462 123/266/1463 1130/148/1464
f 1172/49/1465 1131/263/1466 170/280/1467 458/50/1468
f 1171/264/1469 1132/265/1470 381/262/1471 1133/261/1472
f 1170/115/1473 448/118/1474 160/260/1475 1134/259/1476
f 1169/49/1477 1135/263/1478 164/280/1479 452/50/1480
f 1168/264/1481 1136/265/1482 382/262/1483 1137/261/1484
f 1167/115/1485 579/118/1486 99/260/1487 1138/259/1488
f 1166/81/1489 1139/257/1490 163/256/1491 451/82/1492
f 1165/57/1493 1140/255/1494 383/254/1495 1141/251/1496
f 1164/252/1497 589/285/1498 109/286/1499 1142/253/1500
f 1163/49/1501 1143/263/1502 167/280/1503 455/50/1504
f 1162/264/1505 1144/265/1506 384/262/1507 1145/261/1508
f 1161/115/1509 449/118/1510 161/260/1511 1146/259/1512
f 1160/49/1513 1147/263/1514 165/280/1515 453/50/1516
f 1159/264/1517 1148/265/1518 385/262/1519 1149/261/1520
f 1158/115/1521 582/118/1522 102/260/1523 1150/259/1524
f 1157/222/1525 1151/225/1526 102/287/1527 582/288/1528
f 1156/111/1529 1152/226/1530 386/224/1531 1153/223/1532
f 1155/91/1533 581/94/1534 101/221/1535 1154/220/1536
f 1152/226/1530 1155/91/1533 1154/220/1536 386/224/1531
f 290/147/387 770/92/384 1155/91/1533 1152/226/1530
f 770/92/384 29/93/383 581/94/1534 1155/91/1533
f 767/98/418 1156/111/1529 1153/223/1532 287/168/419
f 98/97/379 578/112/388 1156/111/1529 767/98/418
f 578/112/388 290/147/387 1152/226/1530 1156/111/1529
f 575/138/374 1157/222/1525 582/288/1528 30/139/375
f 287/168/419 1153/223/1532 1157/222/1525 575/138/374
f 1153/223/1532 386/224/1531 1151/225/1526 1157/222/1525
f 1148/265/1518 1158/115/1521 1150/259/1524 385/262/1519
f 286/171/423 766/116/372 1158/115/1521 1148/265/1518
f 766/116/372 30/117/371 582/118/1522 1158/115/1521
f 763/121/454 1159/264/1517 1149/261/1520 283/192/455
f 97/47/367 574/46/424 1159/264/1517 763/121/454
f 574/46/424 286/171/423 1148/265/1518 1159/264/1517
f 571/52/362 1160/49/1513 453/50/1516 45/51/363
f 283/192/455 1149/261/1520 1160/49/1513 571/52/362
f 1149/261/1520 385/262/1519 1147/263/1514 1160/49/1513
f 1144/265/1506 1161/115/1509 1146/259/1512 384/262/1507
f 282/171/459 762/116/360 1161/115/1509 1144/265/1506
f 762/116/360 41/117/359 449/118/1510 1161/115/1509
f 759/121/490 1162/264/1505 1145/261/1508 279/192/491
f 96/47/355 570/46/460 1162/264/1505 759/121/490
f 570/46/460 282/171/459 1144/265/1506 1162/264/1505
f 567/52/350 1163/49/1501 455/50/1504 47/51/351
f 279/192/491 1145/261/1508 1163/49/1501 567/52/350
f 1145/261/1508 384/262/1507 1143/263/1502 1163/49/1501
f 1140/255/1494 1164/252/1497 1142/253/1500 383/254/1495
f 278/195/495 758/136/348 1164/252/1497 1140/255/1494
f 758/136/348 37/135/347 589/285/1498 1164/252/1497
f 755/58/526 1165/57/1493 1141/251/1496 275/217/527
f 95/59/343 566/60/496 1165/57/1493 755/58/526
f 566/60/496 278/195/495 1140/255/1494 1165/57/1493
f 563/84/338 1166/81/1489 451/82/1492 43/83/339
f 275/217/527 1141/251/1496 1166/81/1489 563/84/338
f 1141/251/1496 383/254/1495 1139/257/1490 1166/81/1489
f 1136/265/1482 1167/115/1485 1138/259/1488 382/262/1483
f 274/171/531 754/116/336 1167/115/1485 1136/265/1482
f 754/116/336 27/117/335 579/118/1486 1167/115/1485
f 751/121/562 1168/264/1481 1137/261/1484 271/192/563
f 94/47/331 562/46/532 1168/264/1481 751/121/562
f 562/46/532 274/171/531 1136/265/1482 1168/264/1481
f 559/52/326 1169/49/1477 452/50/1480 44/51/327
f 271/192/563 1137/261/1484 1169/49/1477 559/52/326
f 1137/261/1484 382/262/1483 1135/263/1478 1169/49/1477
f 1132/265/1470 1170/115/1473 1134/259/1476 381/262/1471
f 270/171/567 750/116/324 1170/115/1473 1132/265/1470
f 750/116/324 40/117/323 448/118/1474 1170/115/1473
f 747/121/598 1171/264/1469 1133/261/1472 267/192/599
f 93/47/319 558/46/568 1171/264/1469 747/121/598
f 558/46/568 270/171/567 1132/265/1470 1171/264/1469
f 555/52/314 1172/49/1465 458/50/1468 50/51/315
f 267/192/599 1133/261/1472 1172/49/1465 555/52/314
f 1133/261/1472 381/262/1471 1131/263/1466 1172/49/1465
f 1128/150/1458 1173/109/1461 1130/148/1464 380/149/1459
f 266/159/603 746/100/312 1173/109/1461 1128/150/1458
f 746/100/312 51/43/311 603/110/1462 1173/109/1461
f 743/112/634 1174/145/1457 1129/146/1460 263/147/635
f 92/97/307 554/142/604 1174/145/1457 743/112/634
f 554/142/604 266/159/603 1128/150/1458 1174/145/1457
f 551/92/302 1175/143/1453 446/144/1456 38/93/303
f 263/147/635 1129/146/1460 1175/143/1453 551/92/302
f 1129/146/1460 380/149/1459 1127/152/1454 1175/143/1453
f 1124/275/1446 1176/101/1449 1126/269/1452 379/272/1447
f 262/228/639 742/90/300 1176/101/1449 1124/275/1446
f 742/90/300 52/55/299 604/102/1450 1176/101/1449
f 739/104/670 1177/274/1445 1125/271/1448 259/249/671
f 91/71/295 550/70/640 1177/274/1445 739/104/670
f 550/70/640 262/228/639 1124/275/1446 1177/274/1445
f 547/76/290 1178/73/1441 461/74/1444 53/75/291
f 259/249/671 1125/271/1448 1178/73/1441 547/76/290
f 1125/271/1448 379/272/1447 1123/273/1442 1178/73/1441
f 1120/218/1434 1179/129/1437 1122/211/1440 378/214/1435
f 258/217/675 738/84/288 1179/129/1437 1120/218/1434
f 738/84/288 28/83/287 436/130/1438 1179/129/1437
f 735/132/706 1180/216/1433 1121/213/1436 255/204/707
f 90/59/283 546/58/676 1180/216/1433 735/132/706
f 546/58/676 258/217/675 1120/218/1434 1180/216/1433
f 543/64/278 1181/61/1429 462/62/1432 54/63/279
f 255/204/707 1121/213/1436 1181/61/1429 543/64/278
f 1121/213/1436 378/214/1435 1119/215/1430 1181/61/1429
f 1116/150/1422 1182/109/1425 1118/148/1428 377/149/1423
f 254/159/711 734/100/276 1182/109/1425 1116/150/1422
f 734/100/276 55/43/275 607/110/1426 1182/109/1425
f 731/112/742 1183/145/1421 1117/146/1424 251/147/743
f 89/97/271 542/142/712 1183/145/1421 731/112/742
f 542/142/712 254/159/711 1116/150/1422 1183/145/1421
f 539/92/266 1184/143/1417 440/144/1420 32/93/267
f 251/147/743 1117/146/1424 1184/143/1417 539/92/266
f 1117/146/1424 377/149/1423 1115/152/1418 1184/143/1417
f 1112/275/1410 1185/101/1413 1114/269/1416 376/272/1411
f 250/228/747 730/90/264 1185/101/1413 1112/275/1410
f 730/90/264 56/55/263 608/102/1414 1185/101/1413
f 727/104/778 1186/274/1409 1113/271/1412 247/249/779
f 88/71/259 538/70/748 1186/274/1409 727/104/778
f 538/70/748 250/228/747 1112/275/1410 1186/274/1409
f 535/76/254 1187/73/1405 465/74/1408 57/75/255
f 247/249/779 1113/271/1412 1187/73/1405 535/76/254
f 1113/271/1412 376/272/1411 1111/273/1406 1187/73/1405
f 1108/218/1398 1188/129/1401 1110/211/1404 375/214/1399
f 246/217/783 726/84/252 1188/129/1401 1108/218/1398
f 726/84/252 39/83/251 591/130/1402 1188/129/1401
f 723/132/814 1189/216/1397 1109/213/1400 243/204/815
f 87/59/247 534/58/784 1189/216/1397 723/132/814
f 534/58/784 246/217/783 1108/218/1398 1189/216/1397
f 531/64/242 1190/61/1393 466/62/1396 58/63/243
f 243/204/815 1109/213/1400 1190/61/1393 531/64/242
f 1109/213/1400 375/214/1399 1107/215/1394 1190/61/1393
f 1104/175/1386 1191/172/1389 1106/173/1392 374/174/1387
f 242/184/819 722/123/240 1191/172/1389 1104/175/1386
f 722/123/240 59/63/239 611/62/1390 1191/172/1389
f 719/46/850 1192/45/1385 1105/170/1388 239/171/851
f 86/47/235 530/48/820 1192/45/1385 719/46/850
f 530/48/820 242/184/819 1104/175/1386 1192/45/1385
f 527/116/230 1193/127/1381 439/128/1384 31/117/231
f 239/171/851 1105/170/1388 1193/127/1381 527/116/230
f 1105/170/1388 374/174/1387 1103/177/1382 1193/127/1381
f 1100/154/1374 1194/153/1377 1102/158/1380 373/157/1375
f 238/155/855 718/114/228 1194/153/1377 1100/154/1374
f 718/114/228 60/75/227 612/74/1378 1194/153/1377
f 715/142/886 1195/141/1373 1101/160/1376 235/159/887
f 85/97/223 526/96/856 1195/141/1373 715/142/886
f 526/96/856 238/155/855 1100/154/1374 1195/141/1373
f 523/100/218 1196/99/1369 469/44/1372 61/43/219
f 235/159/887 1101/160/1376 1196/99/1369 523/100/218
f 1101/160/1376 373/157/1375 1099/156/1370 1196/99/1369
f 1096/232/1362 1197/229/1365 1098/230/1368 372/231/1363
f 234/241/891 714/108/216 1197/229/1365 1096/232/1362
f 714/108/216 49/107/215 601/283/1366 1197/229/1365
f 711/70/922 1198/69/1361 1097/227/1364 231/228/923
f 84/71/211 522/72/892 1198/69/1361 711/70/922
f 522/72/892 234/241/891 1096/232/1362 1198/69/1361
f 519/90/206 1199/89/1357 470/56/1360 62/55/207
f 231/228/923 1097/227/1364 1199/89/1357 519/90/206
f 1097/227/1364 372/231/1363 1095/234/1358 1199/89/1357
f 1092/150/1350 1200/109/1353 1094/148/1356 371/149/1351
f 230/159/927 710/100/204 1200/109/1353 1092/150/1350
f 710/100/204 63/43/203 615/110/1354 1200/109/1353
f 707/112/958 1201/145/1349 1093/146/1352 227/147/959
f 83/97/199 518/142/928 1201/145/1349 707/112/958
f 518/142/928 230/159/927 1092/150/1350 1201/145/1349
f 515/92/194 1202/143/1345 443/144/1348 35/93/195
f 227/147/959 1093/146/1352 1202/143/1345 515/92/194
f 1093/146/1352 371/149/1351 1091/152/1346 1202/143/1345
f 1088/275/1338 1203/101/1341 1090/269/1344 370/272/1339
f 226/228/963 706/90/192 1203/101/1341 1088/275/1338
f 706/90/192 64/55/191 616/102/1342 1203/101/1341
f 703/104/994 1204/274/1337 1089/271/1340 223/249/995
f 82/71/187 514/70/964 1204/274/1337 703/104/994
f 514/70/964 226/228/963 1088/275/1338 1204/274/1337
f 511/76/182 1205/73/1333 473/74/1336 65/75/183
f 223/249/995 1089/271/1340 1205/73/1333 511/76/182
f 1089/271/1340 370/272/1339 1087/273/1334 1205/73/1333
f 1084/218/1326 1206/129/1329 1086/211/1332 369/214/1327
f 222/217/999 702/84/180 1206/129/1329 1084/218/1326
f 702/84/180 29/83/179 437/130/1330 1206/129/1329
f 699/132/1030 1207/216/1325 1085/213/1328 219/204/1031
f 81/59/175 510/58/1000 1207/216/1325 699/132/1030
f 510/58/1000 222/217/999 1084/218/1326 1207/216/1325
f 507/64/170 1208/61/1321 474/62/1324 66/63/171
f 219/204/1031 1085/213/1328 1208/61/1321 507/64/170
f 1085/213/1328 369/214/1327 1083/215/1322 1208/61/1321
f 1080/150/1314 1209/109/1317 1082/148/1320 368/149/1315
f 218/159/1035 698/100/168 1209/109/1317 1080/150/1314
f 698/100/168 67/43/167 619/110/1318 1209/109/1317
f 695/112/1066 1210/145/1313 1081/146/1316 215/147/1067
f 80/97/163 506/142/1036 1210/145/1313 695/112/1066
f 506/142/1036 218/159/1035 1080/150/1314 1210/145/1313
f 503/92/158 1211/143/1309 441/144/1312 33/93/159
f 215/147/1067 1081/146/1316 1211/143/1309 503/92/158
f 1081/146/1316 368/149/1315 1079/152/1310 1211/143/1309
f 1076/275/1302 1212/101/1305 1078/269/1308 367/272/1303
f 214/228/1071 694/90/156 1212/101/1305 1076/275/1302
f 694/90/156 68/55/155 620/102/1306 1212/101/1305
f 691/104/1102 1213/274/1301 1077/271/1304 211/249/1103
f 79/71/151 502/70/1072 1213/274/1301 691/104/1102
f 502/70/1072 214/228/1071 1076/275/1302 1213/274/1301
f 499/76/146 1214/73/1297 477/74/1300 69/75/147
f 211/249/1103 1077/271/1304 1214/73/1297 499/76/146
f 1077/271/1304 367/272/1303 1075/273/1298 1214/73/1297
f 1072/218/1290 1215/129/1293 1074/211/1296 366/214/1291
f 210/217/1107 690/84/144 1215/129/1293 1072/218/1290
f 690/84/144 42/83/143 594/130/1294 1215/129/1293
f 687/132/1138 1216/216/1289 1073/213/1292 207/204/1139
f 78/59/139 498/58/1108 1216/216/1289 687/132/1138
f 498/58/1108 210/217/1107 1072/218/1290 1216/216/1289
f 495/64/134 1217/61/1285 478/62/1288 70/63/135
f 207/204/1139 1073/213/1292 1217/61/1285 495/64/134
f 1073/213/1292 366/214/1291 1071/215/1286 1217/61/1285
f 1068/250/1278 1218/85/1281 1070/243/1284 365/247/1279
f 206/249/1143 686/76/132 1218/85/1281 1068/250/1278
f 686/76/132 71/75/131 623/86/1282 1218/85/1281
f 683/88/1174 1219/103/1277 1069/246/1280 203/236/1175
f 77/71/127 494/104/1144 1219/103/1277 683/88/1174
f 494/104/1144 206/249/1143 1068/250/1278 1219/103/1277
f 491/66/122 1220/245/1273 594/282/1276 42/67/123
f 203/236/1175 1069/246/1280 1220/245/1273 491/66/122
f 1069/246/1280 365/247/1279 1067/248/1274 1220/245/1273
f 1064/203/1266 1221/77/1269 1066/207/1272 364/206/1267
f 202/204/1179 682/64/120 1221/77/1269 1064/203/1266
f 682/64/120 72/63/119 624/78/1270 1221/77/1269
f 679/80/1210 1222/131/1265 1065/210/1268 199/209/1211
f 76/59/115 490/132/1180 1222/131/1265 679/80/1210
f 490/132/1180 202/204/1179 1064/203/1266 1222/131/1265
f 487/54/110 1223/208/1261 481/102/1264 73/55/111
f 199/209/1211 1065/210/1268 1223/208/1261 487/54/110
f 1065/210/1268 364/206/1267 1063/205/1262 1223/208/1261
f 1060/193/1254 1224/124/1257 1062/186/1260 363/190/1255
f 198/192/1215 678/52/108 1224/124/1257 1060/193/1254
f 678/52/108 41/51/107 593/125/1258 1224/124/1257
f 675/120/1246 1225/119/1253 1061/189/1256 195/179/1247
f 75/47/103 486/121/1216 1225/119/1253 675/120/1246
f 486/121/1216 198/192/1215 1060/193/1254 1225/119/1253
f 483/42/98 1226/188/1249 482/110/1252 74/43/99
f 195/179/1247 1061/189/1256 1226/188/1249 483/42/98
f 1061/189/1256 363/190/1255 1059/191/1250 1226/188/1249
f 1056/185/1242 1227/126/1245 1058/178/1248 362/182/1243
f 197/184/1227 677/48/104 1227/126/1245 1056/185/1242
f 677/48/104 75/47/103 675/120/1246 1227/126/1245
f 624/78/1270 1228/122/1241 1057/181/1244 144/258/1271
f 72/63/119 485/123/1228 1228/122/1241 624/78/1270
f 485/123/1228 197/184/1227 1056/185/1242 1228/122/1241
f 432/38/90 1229/180/1237 434/28/1240 26/19/91
f 144/258/1271 1057/181/1244 1229/180/1237 432/38/90
f 1057/181/1244 362/182/1243 1055/183/1238 1229/180/1237
f 1052/177/1230 1230/127/1233 1054/170/1236 361/174/1231
f 148/176/1537 436/128/1538 1230/127/1233 1052/177/1230
f 436/128/1538 28/117/1539 676/116/1234 1230/127/1233
f 672/24/1186 1231/25/1229 1053/173/1232 192/279/1187
f 10/23/1540 628/26/1541 1231/25/1229 672/24/1186
f 628/26/1541 148/176/1537 1052/177/1230 1231/25/1229
f 480/62/118 1232/172/1225 485/123/1228 72/63/119
f 192/279/1187 1053/173/1232 1232/172/1225 480/62/118
f 1053/173/1232 361/174/1231 1051/175/1226 1232/172/1225
f 1048/259/1218 1233/5/1221 1050/263/1224 360/262/1219
f 100/260/1542 388/6/1543 1233/5/1221 1048/259/1218
f 388/6/1543 5/7/1544 641/8/1222 1233/5/1221
f 676/116/1234 1234/115/1217 1049/265/1220 196/171/1235
f 28/117/1539 580/118/1545 1234/115/1217 676/116/1234
f 580/118/1545 100/260/1542 1048/259/1218 1234/115/1217
f 484/46/102 1235/264/1213 486/121/1216 75/47/103
f 196/171/1235 1049/265/1220 1235/264/1213 484/46/102
f 1049/265/1220 360/262/1219 1047/261/1214 1235/264/1213
f 1044/194/1206 1236/79/1209 1046/198/1212 359/197/1207
f 201/195/1191 681/60/116 1236/79/1209 1044/194/1206
f 681/60/116 76/59/115 679/80/1210 1236/79/1209
f 591/134/1546 1237/133/1205 1045/202/1208 111/201/1547
f 39/135/1548 489/136/1192 1237/133/1205 591/134/1546
f 489/136/1192 201/195/1191 1044/194/1206 1237/133/1205
f 399/200/1549 1238/199/1201 433/32/1204 9/31/1550
f 111/201/1547 1045/202/1208 1238/199/1201 399/200/1549
f 1045/202/1208 359/197/1207 1043/196/1202 1238/199/1201
f 1040/257/1194 1239/81/1197 1042/251/1200 358/254/1195
f 160/256/1551 448/82/1552 1239/81/1197 1040/257/1194
f 448/82/1552 40/83/1553 680/84/1198 1239/81/1197
f 639/10/1554 1240/9/1193 1041/253/1196 159/286/1555
f 1/11/1556 640/12/1557 1240/9/1193 639/10/1554
f 640/12/1557 160/256/1551 1040/257/1194 1240/9/1193
f 447/285/1558 1241/252/1189 489/136/1192 39/135/1548
f 159/286/1555 1041/253/1196 1241/252/1189 447/285/1558
f 1041/253/1196 358/254/1195 1039/255/1190 1241/252/1189
f 1036/211/1182 1242/21/1185 1038/215/1188 357/214/1183
f 112/212/1559 400/22/1560 1242/21/1185 1036/211/1182
f 400/22/1560 10/23/1540 672/24/1186 1242/21/1185
f 680/84/1198 1243/129/1181 1037/218/1184 200/217/1199
f 40/83/1553 592/130/1561 1243/129/1181 680/84/1198
f 592/130/1561 112/212/1559 1036/211/1182 1243/129/1181
f 488/58/114 1244/216/1177 490/132/1180 76/59/115
f 200/217/1199 1037/218/1184 1244/216/1177 488/58/114
f 1037/218/1184 357/214/1183 1035/213/1178 1244/216/1177
f 1032/242/1170 1245/87/1173 1034/235/1176 356/239/1171
f 205/241/1155 685/72/128 1245/87/1173 1032/242/1170
f 685/72/128 77/71/127 683/88/1174 1245/87/1173
f 579/106/1562 1246/105/1169 1033/238/1172 99/268/1563
f 27/107/1564 493/108/1156 1246/105/1169 579/106/1562
f 493/108/1156 205/241/1155 1032/242/1170 1246/105/1169
f 387/267/1565 1247/237/1165 642/278/1168 3/289/1566
f 99/268/1563 1033/238/1172 1247/237/1165 387/267/1565
f 1033/238/1172 356/239/1171 1031/240/1166 1247/237/1165
f 1028/234/1158 1248/89/1161 1030/227/1164 355/231/1159
f 145/233/1203 625/56/112 1248/89/1161 1028/234/1158
f 625/56/112 73/55/111 684/90/1162 1248/89/1161
f 627/30/1567 1249/29/1157 1029/230/1160 147/284/1568
f 9/31/1550 433/32/1204 1249/29/1157 627/30/1567
f 433/32/1204 145/233/1203 1028/234/1158 1249/29/1157
f 435/283/1569 1250/229/1153 493/108/1156 27/107/1564
f 147/284/1568 1029/230/1160 1250/229/1153 435/283/1569
f 1029/230/1160 355/231/1159 1027/232/1154 1250/229/1153
f 1024/269/1146 1251/17/1149 1026/273/1152 354/272/1147
f 193/270/1263 673/18/92 1251/17/1149 1024/269/1146
f 673/18/92 26/19/91 671/20/1150 1251/17/1149
f 684/90/1162 1252/101/1145 1025/275/1148 204/228/1163
f 73/55/111 481/102/1264 1252/101/1145 684/90/1162
f 481/102/1264 193/270/1263 1024/269/1146 1252/101/1145
f 492/70/126 1253/274/1141 494/104/1144 77/71/127
f 204/228/1163 1025/275/1148 1253/274/1141 492/70/126
f 1025/275/1148 354/272/1147 1023/271/1142 1253/274/1141
f 1020/210/1134 1254/131/1137 1022/203/1140 353/206/1135
f 209/209/1119 689/80/140 1254/131/1137 1020/210/1134
f 689/80/140 78/59/139 687/132/1138 1254/131/1137
f 620/102/1306 1255/208/1133 1021/205/1136 140/270/1307
f 68/55/155 497/54/1120 1255/208/1133 620/102/1306
f 497/54/1120 209/209/1119 1020/210/1134 1255/208/1133
f 428/18/78 1256/37/1129 430/38/1132 25/19/79
f 140/270/1307 1021/205/1136 1256/37/1129 428/18/78
f 1021/205/1136 353/206/1135 1019/207/1130 1256/37/1129
f 1016/202/1122 1257/133/1125 1018/194/1128 352/197/1123
f 116/201/1570 596/134/1571 1257/133/1125 1016/202/1122
f 596/134/1571 44/135/1572 688/136/1126 1257/133/1125
f 668/32/1078 1258/199/1121 1017/196/1124 188/233/1079
f 14/31/1573 404/200/1574 1258/199/1121 668/32/1078
f 404/200/1574 116/201/1570 1016/202/1122 1258/199/1121
f 476/56/154 1259/53/1117 497/54/1120 68/55/155
f 188/233/1079 1017/196/1124 1259/53/1117 476/56/154
f 1017/196/1124 352/197/1123 1015/198/1118 1259/53/1117
f 1012/253/1110 1260/9/1113 1014/257/1116 351/254/1111
f 164/286/1575 644/10/1576 1260/9/1113 1012/253/1110
f 644/10/1576 3/11/1577 642/12/1114 1260/9/1113
f 688/136/1126 1261/252/1109 1013/255/1112 208/195/1127
f 44/135/1572 452/285/1578 1261/252/1109 688/136/1126
f 452/285/1578 164/286/1575 1012/253/1110 1261/252/1109
f 496/60/138 1262/57/1105 498/58/1108 78/59/139
f 208/195/1127 1013/255/1112 1262/57/1105 496/60/138
f 1013/255/1112 351/254/1111 1011/251/1106 1262/57/1105
f 1008/246/1098 1263/103/1101 1010/250/1104 350/247/1099
f 213/236/1083 693/88/152 1263/103/1101 1008/246/1098
f 693/88/152 79/71/151 691/104/1102 1263/103/1101
f 595/282/1579 1264/245/1097 1009/248/1100 115/281/1580
f 43/67/1581 501/66/1084 1264/245/1097 595/282/1579
f 501/66/1084 213/236/1083 1008/246/1098 1264/245/1097
f 403/36/1582 1265/33/1093 429/34/1096 13/35/1583
f 115/281/1580 1009/248/1100 1265/33/1093 403/36/1582
f 1009/248/1100 350/247/1099 1007/243/1094 1265/33/1093
f 1004/238/1086 1266/105/1089 1006/242/1092 349/239/1087
f 104/268/1584 584/106/1585 1266/105/1089 1004/238/1086
f 584/106/1585 32/107/1586 692/108/1090 1266/105/1089
f 643/278/1587 1267/237/1085 1005/240/1088 163/277/1588
f 4/289/1589 392/267/1590 1267/237/1085 643/278/1587
f 392/267/1590 104/268/1584 1004/238/1086 1267/237/1085
f 451/68/1591 1268/65/1081 501/66/1084 43/67/1581
f 163/277/1588 1005/240/1088 1268/65/1081 451/68/1591
f 1005/240/1088 349/239/1087 1003/235/1082 1268/65/1081
f 1000/230/1074 1269/29/1077 1002/234/1080 348/231/1075
f 152/284/1592 632/30/1593 1269/29/1077 1000/230/1074
f 632/30/1593 14/31/1573 668/32/1078 1269/29/1077
f 692/108/1090 1270/229/1073 1001/232/1076 212/241/1091
f 32/107/1586 440/283/1594 1270/229/1073 692/108/1090
f 440/283/1594 152/284/1592 1000/230/1074 1270/229/1073
f 500/72/150 1271/69/1069 502/70/1072 79/71/151
f 212/241/1091 1001/232/1076 1271/69/1069 500/72/150
f 1001/232/1076 348/231/1075 999/227/1070 1271/69/1069
f 996/223/1062 1272/111/1065 998/226/1068 347/224/1063
f 217/168/1047 697/98/164 1272/111/1065 996/223/1062
f 697/98/164 80/97/163 695/112/1066 1272/111/1065
f 583/288/1595 1273/222/1061 997/225/1064 103/287/1596
f 31/139/1597 505/138/1048 1273/222/1061 583/288/1595
f 505/138/1048 217/168/1047 996/223/1062 1273/222/1061
f 391/4/1598 1274/1/1057 393/2/1060 8/3/1599
f 103/287/1596 997/225/1064 1274/1/1057 391/4/1598
f 997/225/1064 347/224/1063 995/220/1058 1274/1/1057
f 992/167/1050 1275/113/1053 994/165/1056 346/166/1051
f 141/244/1095 621/86/148 1275/113/1053 992/167/1050
f 621/86/148 69/75/147 696/114/1054 1275/113/1053
f 631/164/1600 1276/161/1049 993/162/1052 151/163/1601
f 13/35/1583 429/34/1096 1276/161/1049 631/164/1600
f 429/34/1096 141/244/1095 992/167/1050 1276/161/1049
f 439/140/1602 1277/137/1045 505/138/1048 31/139/1597
f 151/163/1601 993/162/1052 1277/137/1045 439/140/1602
f 993/162/1052 346/166/1051 991/169/1046 1277/137/1045
f 988/158/1038 1278/27/1041 990/156/1044 345/157/1039
f 189/276/1299 669/20/80 1278/27/1041 988/158/1038
f 669/20/80 25/19/79 667/28/1042 1278/27/1041
f 696/114/1054 1279/153/1037 989/154/1040 216/155/1055
f 69/75/147 477/74/1300 1279/153/1037 696/114/1054
f 477/74/1300 189/276/1299 988/158/1038 1279/153/1037
f 504/96/162 1280/141/1033 506/142/1036 80/97/163
f 216/155/1055 989/154/1040 1280/141/1033 504/96/162
f 989/154/1040 345/157/1039 987/160/1034 1280/141/1033
f 984/210/1026 1281/131/1029 986/203/1032 344/206/1027
f 221/209/1011 701/80/176 1281/131/1029 984/210/1026
f 701/80/176 81/59/175 699/132/1030 1281/131/1029
f 616/102/1342 1282/208/1025 985/205/1028 136/270/1343
f 64/55/191 509/54/1012 1282/208/1025 616/102/1342
f 509/54/1012 221/209/1011 984/210/1026 1282/208/1025
f 424/18/66 1283/37/1021 426/38/1024 24/19/67
f 136/270/1343 985/205/1028 1283/37/1021 424/18/66
f 985/205/1028 344/206/1027 983/207/1022 1283/37/1021
f 980/202/1014 1284/133/1017 982/194/1020 343/197/1015
f 117/201/1603 597/134/1604 1284/133/1017 980/202/1014
f 597/134/1604 45/135/1605 700/136/1018 1284/133/1017
f 664/32/970 1285/199/1013 981/196/1016 184/233/971
f 15/31/1606 405/200/1607 1285/199/1013 664/32/970
f 405/200/1607 117/201/1603 980/202/1014 1285/199/1013
f 472/56/190 1286/53/1009 509/54/1012 64/55/191
f 184/233/971 981/196/1016 1286/53/1009 472/56/190
f 981/196/1016 343/197/1015 979/198/1010 1286/53/1009
f 976/253/1002 1287/9/1005 978/257/1008 342/254/1003
f 165/286/1608 645/10/1609 1287/9/1005 976/253/1002
f 645/10/1609 7/11/1610 389/12/1006 1287/9/1005
f 700/136/1018 1288/252/1001 977/255/1004 220/195/1019
f 45/135/1605 453/285/1611 1288/252/1001 700/136/1018
f 453/285/1611 165/286/1608 976/253/1002 1288/252/1001
f 508/60/174 1289/57/997 510/58/1000 81/59/175
f 220/195/1019 977/255/1004 1289/57/997 508/60/174
f 977/255/1004 342/254/1003 975/251/998 1289/57/997
f 972/246/990 1290/103/993 974/250/996 341/247/991
f 225/236/975 705/88/188 1290/103/993 972/246/990
f 705/88/188 82/71/187 703/104/994 1290/103/993
f 442/282/1612 1291/245/989 973/248/992 154/281/1613
f 34/67/1614 513/66/976 1291/245/989 442/282/1612
f 513/66/976 225/236/975 972/246/990 1291/245/989
f 634/36/1615 1292/33/985 425/34/988 16/35/1616
f 154/281/1613 973/248/992 1292/33/985 634/36/1615
f 973/248/992 341/247/991 971/243/986 1292/33/985
f 968/238/978 1293/105/981 970/242/984 340/239/979
f 105/268/1617 585/106/1618 1293/105/981 968/238/978
f 585/106/1618 33/107/1619 704/108/982 1293/105/981
f 394/278/1620 1294/237/977 969/240/980 106/277/1621
f 8/289/1622 393/267/1623 1294/237/977 394/278/1620
f 393/267/1623 105/268/1617 968/238/978 1294/237/977
f 586/68/1624 1295/65/973 513/66/976 34/67/1614
f 106/277/1621 969/240/980 1295/65/973 586/68/1624
f 969/240/980 340/239/979 967/235/974 1295/65/973
f 964/230/966 1296/29/969 966/234/972 339/231/967
f 153/284/1625 633/30/1626 1296/29/969 964/230/966
f 633/30/1626 15/31/1606 664/32/970 1296/29/969
f 704/108/982 1297/229/965 965/232/968 224/241/983
f 33/107/1619 441/283/1627 1297/229/965 704/108/982
f 441/283/1627 153/284/1625 964/230/966 1297/229/965
f 512/72/186 1298/69/961 514/70/964 82/71/187
f 224/241/983 965/232/968 1298/69/961 512/72/186
f 965/232/968 339/231/967 963/227/962 1298/69/961
f 960/223/954 1299/111/957 962/226/960 338/224/955
f 229/168/939 709/98/200 1299/111/957 960/223/954
f 709/98/200 83/97/199 707/112/958 1299/111/957
f 454/288/1628 1300/222/953 961/225/956 166/287/1629
f 46/139/1630 517/138/940 1300/222/953 454/288/1628
f 517/138/940 229/168/939 960/223/954 1300/222/953
f 646/4/1631 1301/1/949 395/2/952 6/3/1632
f 166/287/1629 961/225/956 1301/1/949 646/4/1631
f 961/225/956 338/224/955 959/220/950 1301/1/949
f 956/167/942 1302/113/945 958/165/948 337/166/943
f 137/244/987 617/86/184 1302/113/945 956/167/942
f 617/86/184 65/75/183 708/114/946 1302/113/945
f 406/164/1633 1303/161/941 957/162/944 118/163/1634
f 16/35/1616 425/34/988 1303/161/941 406/164/1633
f 425/34/988 137/244/987 956/167/942 1303/161/941
f 598/140/1635 1304/137/937 517/138/940 46/139/1630
f 118/163/1634 957/162/944 1304/137/937 598/140/1635
f 957/162/944 337/166/943 955/169/938 1304/137/937
f 952/158/930 1305/27/933 954/156/936 336/157/931
f 185/276/1335 665/20/68 1305/27/933 952/158/930
f 665/20/68 24/19/67 663/28/934 1305/27/933
f 708/114/946 1306/153/929 953/154/932 228/155/947
f 65/75/183 473/74/1336 1306/153/929 708/114/946
f 473/74/1336 185/276/1335 952/158/930 1306/153/929
f 516/96/198 1307/141/925 518/142/928 83/97/199
f 228/155/947 953/154/932 1307/141/925 516/96/198
f 953/154/932 336/157/931 951/160/926 1307/141/925
f 948/271/918 1308/274/921 950/275/924 335/272/919
f 233/249/903 713/104/212 1308/274/921 948/271/918
f 713/104/212 84/71/211 711/70/922 1308/274/921
f 612/74/1378 1309/73/917 949/273/920 132/276/1379
f 60/75/227 521/76/904 1309/73/917 612/74/1378
f 521/76/904 233/249/903 948/271/918 1309/73/917
f 420/20/54 1310/17/913 422/18/916 23/19/55
f 132/276/1379 949/273/920 1310/17/913 420/20/54
f 949/273/920 335/272/919 947/269/914 1310/17/913
f 944/248/906 1311/245/909 946/246/912 334/247/907
f 120/281/1636 600/282/1637 1311/245/909 944/248/906
f 600/282/1637 48/67/1638 712/66/910 1311/245/909
f 660/34/862 1312/33/905 945/243/908 180/244/863
f 18/35/1639 408/36/1640 1312/33/905 660/34/862
f 408/36/1640 120/281/1636 944/248/906 1312/33/905
f 468/86/226 1313/85/901 521/76/904 60/75/227
f 180/244/863 945/243/908 1313/85/901 468/86/226
f 945/243/908 334/247/907 943/250/902 1313/85/901
f 940/240/894 1314/237/897 942/238/900 333/239/895
f 168/277/1641 648/278/1642 1314/237/897 940/240/894
f 648/278/1642 2/289/1643 649/267/898 1314/237/897
f 712/66/910 1315/65/893 941/235/896 232/236/911
f 48/67/1638 456/68/1644 1315/65/893 712/66/910
f 456/68/1644 168/277/1641 940/240/894 1315/65/893
f 520/88/210 1316/87/889 522/72/892 84/71/211
f 232/236/911 941/235/896 1316/87/889 520/88/210
f 941/235/896 333/239/895 939/242/890 1316/87/889
f 936/146/882 1317/145/885 938/150/888 332/149/883
f 237/147/867 717/112/224 1317/145/885 936/146/882
f 717/112/224 85/97/223 715/142/886 1317/145/885
f 598/144/1645 1318/143/881 937/152/884 118/151/1646
f 46/93/1647 525/92/868 1318/143/881 598/144/1645
f 525/92/868 237/147/867 936/146/882 1318/143/881
f 406/16/1648 1319/13/877 421/14/880 16/15/1649
f 118/151/1646 937/152/884 1319/13/877 406/16/1648
f 937/152/884 332/149/883 935/148/878 1319/13/877
f 932/225/870 1320/222/873 934/223/876 331/224/871
f 108/287/1650 588/288/1651 1320/222/873 932/225/870
f 588/288/1651 36/139/1652 716/138/874 1320/222/873
f 646/2/1653 1321/1/869 933/220/872 166/221/1654
f 6/3/1655 396/4/1656 1321/1/869 646/2/1653
f 396/4/1656 108/287/1650 932/225/870 1321/1/869
f 454/94/1657 1322/91/865 525/92/868 46/93/1647
f 166/221/1654 933/220/872 1322/91/865 454/94/1657
f 933/220/872 331/224/871 931/226/866 1322/91/865
f 928/162/858 1323/161/861 930/167/864 330/166/859
f 156/163/1658 636/164/1659 1323/161/861 928/162/858
f 636/164/1659 18/35/1639 660/34/862 1323/161/861
f 716/138/874 1324/137/857 929/169/860 236/168/875
f 36/139/1652 444/140/1660 1324/137/857 716/138/874
f 444/140/1660 156/163/1658 928/162/858 1324/137/857
f 524/98/222 1325/95/853 526/96/856 85/97/223
f 236/168/875 929/169/860 1325/95/853 524/98/222
f 929/169/860 330/166/859 927/165/854 1325/95/853
f 924/261/846 1326/264/849 926/265/852 329/262/847
f 241/192/831 721/121/236 1326/264/849 924/261/846
f 721/121/236 86/47/235 719/46/850 1326/264/849
f 586/50/1661 1327/49/845 925/263/848 106/280/1662
f 34/51/1663 529/52/832 1327/49/845 586/50/1661
f 529/52/832 241/192/831 924/261/846 1327/49/845
f 394/8/1664 1328/5/841 391/6/844 8/7/1665
f 106/280/1662 925/263/848 1328/5/841 394/8/1664
f 925/263/848 329/262/847 923/259/842 1328/5/841
f 920/191/834 1329/188/837 922/189/840 328/190/835
f 133/266/879 613/110/220 1329/188/837 920/191/834
f 613/110/220 61/43/219 720/42/838 1329/188/837
f 634/40/1666 1330/39/833 921/186/836 154/187/1667
f 16/15/1649 421/14/880 1330/39/833 634/40/1666
f 421/14/880 133/266/879 920/191/834 1330/39/833
f 442/125/1668 1331/124/829 529/52/832 34/51/1663
f 154/187/1667 921/186/836 1331/124/829 442/125/1668
f 921/186/836 328/190/835 919/193/830 1331/124/829
f 916/183/822 1332/180/825 918/181/828 327/182/823
f 181/219/1371 661/28/56 1332/180/825 916/183/822
f 661/28/56 23/19/55 659/38/826 1332/180/825
f 720/42/838 1333/41/821 917/178/824 240/179/839
f 61/43/219 469/44/1372 1333/41/821 720/42/838
f 469/44/1372 181/219/1371 916/183/822 1333/41/821
f 528/120/234 1334/126/817 530/48/820 86/47/235
f 240/179/839 917/178/824 1334/126/817 528/120/234
f 917/178/824 327/182/823 915/185/818 1334/126/817
f 912/210/810 1335/131/813 914/203/816 326/206/811
f 245/209/795 725/80/248 1335/131/813 912/210/810
f 725/80/248 87/59/247 723/132/814 1335/131/813
f 608/102/1414 1336/208/809 913/205/812 128/270/1415
f 56/55/263 533/54/796 1336/208/809 608/102/1414
f 533/54/796 245/209/795 912/210/810 1336/208/809
f 416/18/42 1337/37/805 418/38/808 22/19/43
f 128/270/1415 913/205/812 1337/37/805 416/18/42
f 913/205/812 326/206/811 911/207/806 1337/37/805
f 908/202/798 1338/133/801 910/194/804 325/197/799
f 122/201/1669 602/134/1670 1338/133/801 908/202/798
f 602/134/1670 50/135/1671 724/136/802 1338/133/801
f 656/32/754 1339/199/797 909/196/800 176/233/755
f 20/31/1672 410/200/1673 1339/199/797 656/32/754
f 410/200/1673 122/201/1669 908/202/798 1339/199/797
f 464/56/262 1340/53/793 533/54/796 56/55/263
f 176/233/755 909/196/800 1340/53/793 464/56/262
f 909/196/800 325/197/799 907/198/794 1340/53/793
f 904/253/786 1341/9/789 906/257/792 324/254/787
f 170/286/1674 650/10/1675 1341/9/789 904/253/786
f 650/10/1675 1/11/1676 639/12/790 1341/9/789
f 724/136/802 1342/252/785 905/255/788 244/195/803
f 50/135/1671 458/285/1677 1342/252/785 724/136/802
f 458/285/1677 170/286/1674 904/253/786 1342/252/785
f 532/60/246 1343/57/781 534/58/784 87/59/247
f 244/195/803 905/255/788 1343/57/781 532/60/246
f 905/255/788 324/254/787 903/251/782 1343/57/781
f 900/246/774 1344/103/777 902/250/780 323/247/775
f 249/236/759 729/88/260 1344/103/777 900/246/774
f 729/88/260 88/71/259 727/104/778 1344/103/777
f 601/282/1678 1345/245/773 901/248/776 121/281/1679
f 49/67/1680 537/66/760 1345/245/773 601/282/1678
f 537/66/760 249/236/759 900/246/774 1345/245/773
f 409/36/1681 1346/33/769 417/34/772 19/35/1682
f 121/281/1679 901/248/776 1346/33/769 409/36/1681
f 901/248/776 323/247/775 899/243/770 1346/33/769
f 896/238/762 1347/105/765 898/242/768 322/239/763
f 110/268/1683 590/106/1684 1347/105/765 896/238/762
f 590/106/1684 38/107/1685 728/108/766 1347/105/765
f 649/278/1686 1348/237/761 897/240/764 169/277/1687
f 2/289/1688 398/267/1689 1348/237/761 649/278/1686
f 398/267/1689 110/268/1683 896/238/762 1348/237/761
f 457/68/1690 1349/65/757 537/66/760 49/67/1680
f 169/277/1687 897/240/764 1349/65/757 457/68/1690
f 897/240/764 322/239/763 895/235/758 1349/65/757
f 892/230/750 1350/29/753 894/234/756 321/231/751
f 158/284/1691 638/30/1692 1350/29/753 892/230/750
f 638/30/1692 20/31/1672 656/32/754 1350/29/753
f 728/108/766 1351/229/749 893/232/752 248/241/767
f 38/107/1685 446/283/1693 1351/229/749 728/108/766
f 446/283/1693 158/284/1691 892/230/750 1351/229/749
f 536/72/258 1352/69/745 538/70/748 88/71/259
f 248/241/767 893/232/752 1352/69/745 536/72/258
f 893/232/752 321/231/751 891/227/746 1352/69/745
f 888/223/738 1353/111/741 890/226/744 320/224/739
f 253/168/723 733/98/272 1353/111/741 888/223/738
f 733/98/272 89/97/271 731/112/742 1353/111/741
f 589/288/1694 1354/222/737 889/225/740 109/287/1695
f 37/139/1696 541/138/724 1354/222/737 589/288/1694
f 541/138/724 253/168/723 888/223/738 1354/222/737
f 397/4/1697 1355/1/733 392/2/736 4/3/1698
f 109/287/1695 889/225/740 1355/1/733 397/4/1697
f 889/225/740 320/224/739 887/220/734 1355/1/733
f 884/167/726 1356/113/729 886/165/732 319/166/727
f 129/244/771 609/86/256 1356/113/729 884/167/726
f 609/86/256 57/75/255 732/114/730 1356/113/729
f 637/164/1699 1357/161/725 885/162/728 157/163/1700
f 19/35/1682 417/34/772 1357/161/725 637/164/1699
f 417/34/772 129/244/771 884/167/726 1357/161/725
f 445/140/1701 1358/137/721 541/138/724 37/139/1696
f 157/163/1700 885/162/728 1358/137/721 445/140/1701
f 885/162/728 319/166/727 883/169/722 1358/137/721
f 880/158/714 1359/27/717 882/156/720 318/157/715
f 177/276/1407 657/20/44 1359/27/717 880/158/714
f 657/20/44 22/19/43 655/28/718 1359/27/717
f 732/114/730 1360/153/713 881/154/716 252/155/731
f 57/75/255 465/74/1408 1360/153/713 732/114/730
f 465/74/1408 177/276/1407 880/158/714 1360/153/713
f 540/96/270 1361/141/709 542/142/712 89/97/271
f 252/155/731 881/154/716 1361/141/709 540/96/270
f 881/154/716 318/157/715 879/160/710 1361/141/709
f 876/210/702 1362/131/705 878/203/708 317/206/703
f 257/209/687 737/80/284 1362/131/705 876/210/702
f 737/80/284 90/59/283 735/132/706 1362/131/705
f 604/102/1450 1363/208/701 877/205/704 124/270/1451
f 52/55/299 545/54/688 1363/208/701 604/102/1450
f 545/54/688 257/209/687 876/210/702 1363/208/701
f 412/18/30 1364/37/697 414/38/700 21/19/31
f 124/270/1451 877/205/704 1364/37/697 412/18/30
f 877/205/704 317/206/703 875/207/698 1364/37/697
f 872/202/690 1365/133/693 874/194/696 316/197/691
f 119/201/1702 599/134/1703 1365/133/693 872/202/690
f 599/134/1703 47/135/1704 736/136/694 1365/133/693
f 652/32/646 1366/199/689 873/196/692 172/233/647
f 17/31/1705 407/200/1706 1366/199/689 652/32/646
f 407/200/1706 119/201/1702 872/202/690 1366/199/689
f 460/56/298 1367/53/685 545/54/688 52/55/299
f 172/233/647 873/196/692 1367/53/685 460/56/298
f 873/196/692 316/197/691 871/198/686 1367/53/685
f 868/253/678 1368/9/681 870/257/684 315/254/679
f 167/286/1707 647/10/1708 1368/9/681 868/253/678
f 647/10/1708 5/11/1709 388/12/682 1368/9/681
f 736/136/694 1369/252/677 869/255/680 256/195/695
f 47/135/1704 455/285/1710 1369/252/677 736/136/694
f 455/285/1710 167/286/1707 868/253/678 1369/252/677
f 544/60/282 1370/57/673 546/58/676 90/59/283
f 256/195/695 869/255/680 1370/57/673 544/60/282
f 869/255/680 315/254/679 867/251/674 1370/57/673
f 864/246/666 1371/103/669 866/250/672 314/247/667
f 261/236/651 741/88/296 1371/103/669 864/246/666
f 741/88/296 91/71/295 739/104/670 1371/103/669
f 444/282/1711 1372/245/665 865/248/668 156/281/1712
f 36/67/1713 549/66/652 1372/245/665 444/282/1711
f 549/66/652 261/236/651 864/246/666 1372/245/665
f 636/36/1714 1373/33/661 413/34/664 18/35/1715
f 156/281/1712 865/248/668 1373/33/661 636/36/1714
f 865/248/668 314/247/667 863/243/662 1373/33/661
f 860/238/654 1374/105/657 862/242/660 313/239/655
f 107/268/1716 587/106/1717 1374/105/657 860/238/654
f 587/106/1717 35/107/1718 740/108/658 1374/105/657
f 396/278/1719 1375/237/653 861/240/656 108/277/1720
f 6/289/1721 395/267/1722 1375/237/653 396/278/1719
f 395/267/1722 107/268/1716 860/238/654 1375/237/653
f 588/68/1723 1376/65/649 549/66/652 36/67/1713
f 108/277/1720 861/240/656 1376/65/649 588/68/1723
f 861/240/656 313/239/655 859/235/650 1376/65/649
f 856/230/642 1377/29/645 858/234/648 312/231/643
f 155/284/1724 635/30/1725 1377/29/645 856/230/642
f 635/30/1725 17/31/1705 652/32/646 1377/29/645
f 740/108/658 1378/229/641 857/232/644 260/241/659
f 35/107/1718 443/283/1726 1378/229/641 740/108/658
f 443/283/1726 155/284/1724 856/230/642 1378/229/641
f 548/72/294 1379/69/637 550/70/640 91/71/295
f 260/241/659 857/232/644 1379/69/637 548/72/294
f 857/232/644 312/231/643 855/227/638 1379/69/637
f 852/223/630 1380/111/633 854/226/636 311/224/631
f 265/168/615 745/98/308 1380/111/633 852/223/630
f 745/98/308 92/97/307 743/112/634 1380/111/633
f 456/288/1727 1381/222/629 853/225/632 168/287/1728
f 48/139/1729 553/138/616 1381/222/629 456/288/1727
f 553/138/616 265/168/615 852/223/630 1381/222/629
f 648/4/1730 1382/1/625 398/2/628 2/3/1731
f 168/287/1728 853/225/632 1382/1/625 648/4/1730
f 853/225/632 311/224/631 851/220/626 1382/1/625
f 848/167/618 1383/113/621 850/165/624 310/166/619
f 125/244/663 605/86/292 1383/113/621 848/167/618
f 605/86/292 53/75/291 744/114/622 1383/113/621
f 408/164/1732 1384/161/617 849/162/620 120/163/1733
f 18/35/1715 413/34/664 1384/161/617 408/164/1732
f 413/34/664 125/244/663 848/167/618 1384/161/617
f 600/140/1734 1385/137/613 553/138/616 48/139/1729
f 120/163/1733 849/162/620 1385/137/613 600/140/1734
f 849/162/620 310/166/619 847/169/614 1385/137/613
f 844/158/606 1386/27/609 846/156/612 309/157/607
f 173/276/1443 653/20/32 1386/27/609 844/158/606
f 653/20/32 21/19/31 651/28/610 1386/27/609
f 744/114/622 1387/153/605 845/154/608 264/155/623
f 53/75/291 461/74/1444 1387/153/605 744/114/622
f 461/74/1444 173/276/1443 844/158/606 1387/153/605
f 552/96/306 1388/141/601 554/142/604 92/97/307
f 264/155/623 845/154/608 1388/141/601 552/96/306
f 845/154/608 309/157/607 843/160/602 1388/141/601
f 840/189/594 1389/119/597 842/193/600 308/190/595
f 269/179/579 749/120/320 1389/119/597 840/189/594
f 749/120/320 93/47/319 747/121/598 1389/119/597
f 603/110/1462 1390/188/593 841/191/596 123/266/1463
f 51/43/311 557/42/580 1390/188/593 603/110/1462
f 557/42/580 269/179/579 840/189/594 1390/188/593
f 411/14/26 1391/39/589 410/40/592 20/15/27
f 123/266/1463 841/191/596 1391/39/589 411/14/26
f 841/191/596 308/190/595 839/186/590 1391/39/589
f 836/181/582 1392/122/585 838/185/588 307/182/583
f 126/258/699 606/78/280 1392/122/585 836/181/582
f 606/78/280 54/63/279 748/123/586 1392/122/585
f 651/28/610 1393/180/581 837/183/584 171/219/611
f 21/19/31 414/38/700 1393/180/581 651/28/610
f 414/38/700 126/258/699 836/181/582 1393/180/581
f 459/44/310 1394/41/577 557/42/580 51/43/311
f 171/219/611 837/183/584 1394/41/577 459/44/310
f 837/183/584 307/182/583 835/178/578 1394/41/577
f 832/173/570 1395/25/573 834/177/576 306/174/571
f 174/279/1431 654/24/36 1395/25/573 832/173/570
f 654/24/36 10/23/35 400/26/574 1395/25/573
f 748/123/586 1396/172/569 833/175/572 268/184/587
f 54/63/279 462/62/1432 1396/172/569 748/123/586
f 462/62/1432 174/279/1431 832/173/570 1396/172/569
f 556/48/318 1397/45/565 558/46/568 93/47/319
f 268/184/587 833/175/572 1397/45/565 556/48/318
f 833/175/572 306/174/571 831/170/566 1397/45/565
f 828/189/558 1398/119/561 830/193/564 305/190/559
f 273/179/543 753/120/332 1398/119/561 828/189/558
f 753/120/332 94/47/331 751/121/562 1398/119/561
f 607/110/1426 1399/188/557 829/191/560 127/266/1427
f 55/43/275 561/42/544 1399/188/557 607/110/1426
f 561/42/544 273/179/543 828/189/558 1399/188/557
f 415/14/38 1400/39/553 404/40/556 14/15/39
f 127/266/1427 829/191/560 1400/39/553 415/14/38
f 829/191/560 305/190/559 827/186/554 1400/39/553
f 824/181/546 1401/122/549 826/185/552 304/182/547
f 130/258/807 610/78/244 1401/122/549 824/181/546
f 610/78/244 58/63/243 752/123/550 1401/122/549
f 655/28/718 1402/180/545 825/183/548 175/219/719
f 22/19/43 418/38/808 1402/180/545 655/28/718
f 418/38/808 130/258/807 824/181/546 1402/180/545
f 463/44/274 1403/41/541 561/42/544 55/43/275
f 175/219/719 825/183/548 1403/41/541 463/44/274
f 825/183/548 304/182/547 823/178/542 1403/41/541
f 820/173/534 1404/25/537 822/177/540 303/174/535
f 178/279/1395 658/24/48 1404/25/537 820/173/534
f 658/24/48 9/23/47 627/26/538 1404/25/537
f 752/123/550 1405/172/533 821/175/536 272/184/551
f 58/63/243 466/62/1396 1405/172/533 752/123/550
f 466/62/1396 178/279/1395 820/173/534 1405/172/533
f 560/48/330 1406/45/529 562/46/532 94/47/331
f 272/184/551 821/175/536 1406/45/529 560/48/330
f 821/175/536 303/174/535 819/170/530 1406/45/529
f 816/213/522 1407/216/525 818/218/528 302/214/523
f 277/204/507 757/132/344 1407/216/525 816/213/522
f 757/132/344 95/59/343 755/58/526 1407/216/525
f 611/62/1390 1408/61/521 817/215/524 131/279/1391
f 59/63/239 565/64/508 1408/61/521 611/62/1390
f 565/64/508 277/204/507 816/213/522 1408/61/521
f 419/24/50 1409/21/517 403/22/520 13/23/51
f 131/279/1391 817/215/524 1409/21/517 419/24/50
f 817/215/524 302/214/523 815/211/518 1409/21/517
f 812/205/510 1410/208/513 814/210/516 301/206/511
f 134/270/915 614/102/208 1410/208/513 812/205/510
f 614/102/208 62/55/207 756/54/514 1410/208/513
f 659/38/826 1411/37/509 813/207/512 179/258/827
f 23/19/55 422/18/916 1411/37/509 659/38/826
f 422/18/916 134/270/915 812/205/510 1411/37/509
f 467/78/238 1412/77/505 565/64/508 59/63/239
f 179/258/827 813/207/512 1412/77/505 467/78/238
f 813/207/512 301/206/511 811/203/506 1412/77/505
f 808/196/498 1413/199/501 810/202/504 300/197/499
f 182/233/1359 662/32/60 1413/199/501 808/196/498
f 662/32/60 19/31/59 637/200/502 1413/199/501
f 756/54/514 1414/53/497 809/198/500 276/209/515
f 62/55/207 470/56/1360 1414/53/497 756/54/514
f 470/56/1360 182/233/1359 808/196/498 1414/53/497
f 564/80/342 1415/79/493 566/60/496 95/59/343
f 276/209/515 809/198/500 1415/79/493 564/80/342
f 809/198/500 300/197/499 807/194/494 1415/79/493
f 804/189/486 1416/119/489 806/193/492 299/190/487
f 281/179/471 761/120/356 1416/119/489 804/189/486
f 761/120/356 96/47/355 759/121/490 1416/119/489
f 615/110/1354 1417/188/485 805/191/488 135/266/1355
f 63/43/203 569/42/472 1417/188/485 615/110/1354
f 569/42/472 281/179/471 804/189/486 1417/188/485
f 423/14/62 1418/39/481 407/40/484 17/15/63
f 135/266/1355 805/191/488 1418/39/481 423/14/62
f 805/191/488 299/190/487 803/186/482 1418/39/481
f 800/181/474 1419/122/477 802/185/480 298/182/475
f 138/258/1023 618/78/172 1419/122/477 800/181/474
f 618/78/172 66/63/171 760/123/478 1419/122/477
f 663/28/934 1420/180/473 801/183/476 183/219/935
f 24/19/67 426/38/1024 1420/180/473 663/28/934
f 426/38/1024 138/258/1023 800/181/474 1420/180/473
f 471/44/202 1421/41/469 569/42/472 63/43/203
f 183/219/935 801/183/476 1421/41/469 471/44/202
f 801/183/476 298/182/475 799/178/470 1421/41/469
f 796/173/462 1422/25/465 798/177/468 297/174/463
f 186/279/1323 666/24/72 1422/25/465 796/173/462
f 666/24/72 11/23/71 401/26/466 1422/25/465
f 760/123/478 1423/172/461 797/175/464 280/184/479
f 66/63/171 474/62/1324 1423/172/461 760/123/478
f 474/62/1324 186/279/1323 796/173/462 1423/172/461
f 568/48/354 1424/45/457 570/46/460 96/47/355
f 280/184/479 797/175/464 1424/45/457 568/48/354
f 797/175/464 297/174/463 795/170/458 1424/45/457
f 792/189/450 1425/119/453 794/193/456 296/190/451
f 285/179/435 765/120/368 1425/119/453 792/189/450
f 765/120/368 97/47/367 763/121/454 1425/119/453
f 619/110/1318 1426/188/449 793/191/452 139/266/1319
f 67/43/167 573/42/436 1426/188/449 619/110/1318
f 573/42/436 285/179/435 792/189/450 1426/188/449
f 427/14/74 1427/39/445 405/40/448 15/15/75
f 139/266/1319 793/191/452 1427/39/445 427/14/74
f 793/191/452 296/190/451 791/186/446 1427/39/445
f 788/181/438 1428/122/441 790/185/444 295/182/439
f 142/258/1131 622/78/136 1428/122/441 788/181/438
f 622/78/136 70/63/135 764/123/442 1428/122/441
f 667/28/1042 1429/180/437 789/183/440 187/219/1043
f 25/19/79 430/38/1132 1429/180/437 667/28/1042
f 430/38/1132 142/258/1131 788/181/438 1429/180/437
f 475/44/166 1430/41/433 573/42/436 67/43/167
f 187/219/1043 789/183/440 1430/41/433 475/44/166
f 789/183/440 295/182/439 787/178/434 1430/41/433
f 784/173/426 1431/25/429 786/177/432 294/174/427
f 190/279/1287 670/24/84 1431/25/429 784/173/426
f 670/24/84 12/23/83 630/26/430 1431/25/429
f 764/123/442 1432/172/425 785/175/428 284/184/443
f 70/63/135 478/62/1288 1432/172/425 764/123/442
f 478/62/1288 190/279/1287 784/173/426 1432/172/425
f 572/48/366 1433/45/421 574/46/424 97/47/367
f 284/184/443 785/175/428 1433/45/421 572/48/366
f 785/175/428 294/174/427 783/170/422 1433/45/421
f 780/165/414 1434/95/417 782/169/420 293/166/415
f 289/155/399 769/96/380 1434/95/417 780/165/414
f 769/96/380 98/97/379 767/98/418 1434/95/417
f 623/86/1282 1435/113/413 781/167/416 143/244/1283
f 71/75/131 577/114/400 1435/113/413 623/86/1282
f 577/114/400 289/155/399 780/165/414 1435/113/413
f 431/34/86 1436/161/409 630/164/412 12/35/87
f 143/244/1283 781/167/416 1436/161/409 431/34/86
f 781/167/416 293/166/415 779/162/410 1436/161/409
f 776/156/402 1437/99/405 778/160/408 292/157/403
f 146/219/1239 626/44/100 1437/99/405 776/156/402
f 626/44/100 74/43/99 768/100/406 1437/99/405
f 671/20/1150 1438/27/401 777/158/404 191/276/1151
f 26/19/91 434/28/1240 1438/27/401 671/20/1150
f 434/28/1240 146/219/1239 776/156/402 1438/27/401
f 479/74/130 1439/153/397 577/114/400 71/75/131
f 191/276/1151 777/158/404 1439/153/397 479/74/130
f 777/158/404 292/157/403 775/154/398 1439/153/397
f 772/148/390 1440/13/393 774/152/396 291/149/391
f 194/266/1251 674/14/96 1440/13/393 772/148/390
f 674/14/96 11/15/95 629/16/394 1440/13/393
f 768/100/406 1441/109/389 773/150/392 288/159/407
f 74/43/99 482/110/1252 1441/109/389 768/100/406
f 482/110/1252 194/266/1251 772/148/390 1441/109/389
f 576/142/378 1442/145/385 578/112/388 98/97/379
f 288/159/407 773/150/392 1442/145/385 576/142/378
f 773/150/392 291/149/391 771/146/386 1442/145/385
f 771/146/386 1443/143/381 770/92/384 290/147/387
f 291/149/391 774/152/396 1443/143/381 771/146/386
f 774/152/396 149/151/395 437/144/382 1443/143/381
f 775/154/398 1444/141/377 769/96/380 289/155/399
f 292/157/403 778/160/408 1444/141/377 775/154/398
f 778/160/408 288/159/407 576/142/378 1444/141/377
f 779/162/410 1445/137/373 438/140/376 150/163/411
f 293/166/415 782/169/420 1445/137/373 779/162/410
f 782/169/420 287/168/419 575/138/374 1445/137/373
f 783/170/422 1446/127/369 766/116/372 286/171/423
f 294/174/427 786/177/432 1446/127/369 783/170/422
f 786/177/432 150/176/431 438/128/370 1446/127/369
f 787/178/434 1447/126/365 765/120/368 285/179/435
f 295/182/439 790/185/444 1447/126/365 787/178/434
f 790/185/444 284/184/443 572/48/366 1447/126/365
f 791/186/446 1448/124/361 597/125/364 117/187/447
f 296/190/451 794/193/456 1448/124/361 791/186/446
f 794/193/456 283/192/455 571/52/362 1448/124/361
f 795/170/458 1449/127/357 762/116/360 282/171/459
f 297/174/463 798/177/468 1449/127/357 795/170/458
f 798/177/468 113/176/467 593/128/358 1449/127/357
f 799/178/470 1450/126/353 761/120/356 281/179/471
f 298/182/475 802/185/480 1450/126/353 799/178/470
f 802/185/480 280/184/479 568/48/354 1450/126/353
f 803/186/482 1451/124/349 599/125/352 119/187/483
f 299/190/487 806/193/492 1451/124/349 803/186/482
f 806/193/492 279/192/491 567/52/350 1451/124/349
f 807/194/494 1452/133/345 758/136/348 278/195/495
f 300/197/499 810/202/504 1452/133/345 807/194/494
f 810/202/504 157/201/503 445/134/346 1452/133/345
f 811/203/506 1453/131/341 757/132/344 277/204/507
f 301/206/511 814/210/516 1453/131/341 811/203/506
f 814/210/516 276/209/515 564/80/342 1453/131/341
f 815/211/518 1454/129/337 595/130/340 115/212/519
f 302/214/523 818/218/528 1454/129/337 815/211/518
f 818/218/528 275/217/527 563/84/338 1454/129/337
f 819/170/530 1455/127/333 754/116/336 274/171/531
f 303/174/535 822/177/540 1455/127/333 819/170/530
f 822/177/540 147/176/539 435/128/334 1455/127/333
f 823/178/542 1456/126/329 753/120/332 273/179/543
f 304/182/547 826/185/552 1456/126/329 823/178/542
f 826/185/552 272/184/551 560/48/330 1456/126/329
f 827/186/554 1457/124/325 596/125/328 116/187/555
f 305/190/559 830/193/564 1457/124/325 827/186/554
f 830/193/564 271/192/563 559/52/326 1457/124/325
f 831/170/566 1458/127/321 750/116/324 270/171/567
f 306/174/571 834/177/576 1458/127/321 831/170/566
f 834/177/576 112/176/575 592/128/322 1458/127/321
f 835/178/578 1459/126/317 749/120/320 269/179/579
f 307/182/583 838/185/588 1459/126/317 835/178/578
f 838/185/588 268/184/587 556/48/318 1459/126/317
f 839/186/590 1460/124/313 602/125/316 122/187/591
f 308/190/595 842/193/600 1460/124/313 839/186/590
f 842/193/600 267/192/599 555/52/314 1460/124/313
f 843/160/602 1461/99/309 746/100/312 266/159/603
f 309/157/607 846/156/612 1461/99/309 843/160/602
f 846/156/612 171/219/611 459/44/310 1461/99/309
f 847/169/614 1462/95/305 745/98/308 265/168/615
f 310/166/619 850/165/624 1462/95/305 847/169/614
f 850/165/624 264/155/623 552/96/306 1462/95/305
f 851/220/626 1463/91/301 590/94/304 110/221/627
f 311/224/631 854/226/636 1463/91/301 851/220/626
f 854/226/636 263/147/635 551/92/302 1463/91/301
f 855/227/638 1464/89/297 742/90/300 262/228/639
f 312/231/643 858/234/648 1464/89/297 855/227/638
f 858/234/648 172/233/647 460/56/298 1464/89/297
f 859/235/650 1465/87/293 741/88/296 261/236/651
f 313/239/655 862/242/660 1465/87/293 859/235/650
f 862/242/660 260/241/659 548/72/294 1465/87/293
f 863/243/662 1466/85/289 605/86/292 125/244/663
f 314/247/667 866/250/672 1466/85/289 863/243/662
f 866/250/672 259/249/671 547/76/290 1466/85/289
f 867/251/674 1467/81/285 738/84/288 258/217/675
f 315/254/679 870/257/684 1467/81/285 867/251/674
f 870/257/684 100/256/683 580/82/286 1467/81/285
f 871/198/686 1468/79/281 737/80/284 257/209/687
f 316/197/691 874/194/696 1468/79/281 871/198/686
f 874/194/696 256/195/695 544/60/282 1468/79/281
f 875/207/698 1469/77/277 606/78/280 126/258/699
f 317/206/703 878/203/708 1469/77/277 875/207/698
f 878/203/708 255/204/707 543/64/278 1469/77/277
f 879/160/710 1470/99/273 734/100/276 254/159/711
f 318/157/715 882/156/720 1470/99/273 879/160/710
f 882/156/720 175/219/719 463/44/274 1470/99/273
f 883/169/722 1471/95/269 733/98/272 253/168/723
f 319/166/727 886/165/732 1471/95/269 883/169/722
f 886/165/732 252/155/731 540/96/270 1471/95/269
f 887/220/734 1472/91/265 584/94/268 104/221/735
f 320/224/739 890/226/744 1472/91/265 887/220/734
f 890/226/744 251/147/743 539/92/266 1472/91/265
f 891/227/746 1473/89/261 730/90/264 250/228/747
f 321/231/751 894/234/756 1473/89/261 891/227/746
f 894/234/756 176/233/755 464/56/262 1473/89/261
f 895/235/758 1474/87/257 729/88/260 249/236/759
f 322/239/763 898/242/768 1474/87/257 895/235/758
f 898/242/768 248/241/767 536/72/258 1474/87/257
f 899/243/770 1475/85/253 609/86/256 129/244/771
f 323/247/775 902/250/780 1475/85/253 899/243/770
f 902/250/780 247/249/779 535/76/254 1475/85/253
f 903/251/782 1476/81/249 726/84/252 246/217/783
f 324/254/787 906/257/792 1476/81/249 903/251/782
f 906/257/792 159/256/791 447/82/250 1476/81/249
f 907/198/794 1477/79/245 725/80/248 245/209/795
f 325/197/799 910/194/804 1477/79/245 907/198/794
f 910/194/804 244/195/803 532/60/246 1477/79/245
f 911/207/806 1478/77/241 610/78/244 130/258/807
f 326/206/811 914/203/816 1478/77/241 911/207/806
f 914/203/816 243/204/815 531/64/242 1478/77/241
f 915/185/818 1479/122/237 722/123/240 242/184/819
f 327/182/823 918/181/828 1479/122/237 915/185/818
f 918/181/828 179/258/827 467/78/238 1479/122/237
f 919/193/830 1480/119/233 721/121/236 241/192/831
f 328/190/835 922/189/840 1480/119/233 919/193/830
f 922/189/840 240/179/839 528/120/234 1480/119/233
f 923/259/842 1481/115/229 583/118/232 103/260/843
f 329/262/847 926/265/852 1481/115/229 923/259/842
f 926/265/852 239/171/851 527/116/230 1481/115/229
f 927/165/854 1482/113/225 718/114/228 238/155/855
f 330/166/859 930/167/864 1482/113/225 927/165/854
f 930/167/864 180/244/863 468/86/226 1482/113/225
f 931/226/866 1483/111/221 717/112/224 237/147/867
f 331/224/871 934/223/876 1483/111/221 931/226/866
f 934/223/876 236/168/875 524/98/222 1483/111/221
f 935/148/878 1484/109/217 613/110/220 133/266/879
f 332/149/883 938/150/888 1484/109/217 935/148/878
f 938/150/888 235/159/887 523/100/218 1484/109/217
f 939/242/890 1485/105/213 714/108/216 234/241/891
f 333/239/895 942/238/900 1485/105/213 939/242/890
f 942/238/900 169/268/899 457/106/214 1485/105/213
f 943/250/902 1486/103/209 713/104/212 233/249/903
f 334/247/907 946/246/912 1486/103/209 943/250/902
f 946/246/912 232/236/911 520/88/210 1486/103/209
f 947/269/914 1487/101/205 614/102/208 134/270/915
f 335/272/919 950/275/924 1487/101/205 947/269/914
f 950/275/924 231/228/923 519/90/206 1487/101/205
f 951/160/926 1488/99/201 710/100/204 230/159/927
f 336/157/931 954/156/936 1488/99/201 951/160/926
f 954/156/936 183/219/935 471/44/202 1488/99/201
f 955/169/938 1489/95/197 709/98/200 229/168/939
f 337/166/943 958/165/948 1489/95/197 955/169/938
f 958/165/948 228/155/947 516/96/198 1489/95/197
f 959/220/950 1490/91/193 587/94/196 107/221/951
f 338/224/955 962/226/960 1490/91/193 959/220/950
f 962/226/960 227/147/959 515/92/194 1490/91/193
f 963/227/962 1491/89/189 706/90/192 226/228/963
f 339/231/967 966/234/972 1491/89/189 963/227/962
f 966/234/972 184/233/971 472/56/190 1491/89/189
f 967/235/974 1492/87/185 705/88/188 225/236/975
f 340/239/979 970/242/984 1492/87/185 967/235/974
f 970/242/984 224/241/983 512/72/186 1492/87/185
f 971/243/986 1493/85/181 617/86/184 137/244/987
f 341/247/991 974/250/996 1493/85/181 971/243/986
f 974/250/996 223/249/995 511/76/182 1493/85/181
f 975/251/998 1494/81/177 702/84/180 222/217/999
f 342/254/1003 978/257/1008 1494/81/177 975/251/998
f 978/257/1008 101/256/1007 581/82/178 1494/81/177
f 979/198/1010 1495/79/173 701/80/176 221/209/1011
f 343/197/1015 982/194/1020 1495/79/173 979/198/1010
f 982/194/1020 220/195/1019 508/60/174 1495/79/173
f 983/207/1022 1496/77/169 618/78/172 138/258/1023
f 344/206/1027 986/203/1032 1496/77/169 983/207/1022
f 986/203/1032 219/204/1031 507/64/170 1496/77/169
f 987/160/1034 1497/99/165 698/100/168 218/159/1035
f 345/157/1039 990/156/1044 1497/99/165 987/160/1034
f 990/156/1044 187/219/1043 475/44/166 1497/99/165
f 991/169/1046 1498/95/161 697/98/164 217/168/1047
f 346/166/1051 994/165/1056 1498/95/161 991/169/1046
f 994/165/1056 216/155/1055 504/96/162 1498/95/161
f 995/220/1058 1499/91/157 585/94/160 105/221/1059
f 347/224/1063 998/226/1068 1499/91/157 995/220/1058
f 998/226/1068 215/147/1067 503/92/158 1499/91/157
f 999/227/1070 1500/89/153 694/90/156 214/228/1071
f 348/231/1075 1002/234/1080 1500/89/153 999/227/1070
f 1002/234/1080 188/233/1079 476/56/154 1500/89/153
f 1003/235/1082 1501/87/149 693/88/152 213/236/1083
f 349/239/1087 1006/242/1092 1501/87/149 1003/235/1082
f 1006/242/1092 212/241/1091 500/72/150 1501/87/149
f 1007/243/1094 1502/85/145 621/86/148 141/244/1095
f 350/247/1099 1010/250/1104 1502/85/145 1007/243/1094
f 1010/250/1104 211/249/1103 499/76/146 1502/85/145
f 1011/251/1106 1503/81/141 690/84/144 210/217/1107
f 351/254/1111 1014/257/1116 1503/81/141 1011/251/1106
f 1014/257/1116 162/256/1115 450/82/142 1503/81/141
f 1015/198/1118 1504/79/137 689/80/140 209/209/1119
f 352/197/1123 1018/194/1128 1504/79/137 1015/198/1118
f 1018/194/1128 208/195/1127 496/60/138 1504/79/137
f 1019/207/1130 1505/77/133 622/78/136 142/258/1131
f 353/206/1135 1022/203/1140 1505/77/133 1019/207/1130
f 1022/203/1140 207/204/1139 495/64/134 1505/77/133
f 1023/271/1142 1506/73/129 686/76/132 206/249/1143
f 354/272/1147 1026/273/1152 1506/73/129 1023/271/1142
f 1026/273/1152 191/276/1151 479/74/130 1506/73/129
f 1027/232/1154 1507/69/125 685/72/128 205/241/1155
f 355/231/1159 1030/227/1164 1507/69/125 1027/232/1154
f 1030/227/1164 204/228/1163 492/70/126 1507/69/125
f 1031/240/1166 1508/65/121 450/68/124 162/277/1167
f 356/239/1171 1034/235/1176 1508/65/121 1031/240/1166
f 1034/235/1176 203/236/1175 491/66/122 1508/65/121
f 1035/213/1178 1509/61/117 682/64/120 202/204/1179
f 357/214/1183 1038/215/1188 1509/61/117 1035/213/1178
f 1038/215/1188 192/279/1187 480/62/118 1509/61/117
f 1039/255/1190 1510/57/113 681/60/116 201/195/1191
f 358/254/1195 1042/251/1200 1510/57/113 1039/255/1190
f 1042/251/1200 200/217/1199 488/58/114 1510/57/113
f 1043/196/1202 1511/53/109 625/56/112 145/233/1203
f 359/197/1207 1046/198/1212 1511/53/109 1043/196/1202
f 1046/198/1212 199/209/1211 487/54/110 1511/53/109
f 1047/261/1214 1512/49/105 678/52/108 198/192/1215
f 360/262/1219 1050/263/1224 1512/49/105 1047/261/1214
f 1050/263/1224 161/280/1223 449/50/106 1512/49/105
f 1051/175/1226 1513/45/101 677/48/104 197/184/1227
f 361/174/1231 1054/170/1236 1513/45/101 1051/175/1226
f 1054/170/1236 196/171/1235 484/46/102 1513/45/101
f 1055/183/1238 1514/41/97 626/44/100 146/219/1239
f 362/182/1243 1058/178/1248 1514/41/97 1055/183/1238
f 1058/178/1248 195/179/1247 483/42/98 1514/41/97
f 1059/191/1250 1515/39/93 674/14/96 194/266/1251
f 363/190/1255 1062/186/1260 1515/39/93 1059/191/1250
f 1062/186/1260 113/187/1259 401/40/94 1515/39/93
f 1063/205/1262 1516/37/89 673/18/92 193/270/1263
f 364/206/1267 1066/207/1272 1516/37/89 1063/205/1262
f 1066/207/1272 144/258/1271 432/38/90 1516/37/89
f 1067/248/1274 1517/33/85 402/36/88 114/281/1275
f 365/247/1279 1070/243/1284 1517/33/85 1067/248/1274
f 1070/243/1284 143/244/1283 431/34/86 1517/33/85
f 1071/215/1286 1518/21/81 670/24/84 190/279/1287
f 366/214/1291 1074/211/1296 1518/21/81 1071/215/1286
f 1074/211/1296 114/212/1295 402/22/82 1518/21/81
f 1075/273/1298 1519/17/77 669/20/80 189/276/1299
f 367/272/1303 1078/269/1308 1519/17/77 1075/273/1298
f 1078/269/1308 140/270/1307 428/18/78 1519/17/77
f 1079/152/1310 1520/13/73 633/16/76 153/151/1311
f 368/149/1315 1082/148/1320 1520/13/73 1079/152/1310
f 1082/148/1320 139/266/1319 427/14/74 1520/13/73
f 1083/215/1322 1521/21/69 666/24/72 186/279/1323
f 369/214/1327 1086/211/1332 1521/21/69 1083/215/1322
f 1086/211/1332 149/212/1331 629/22/70 1521/21/69
f 1087/273/1334 1522/17/65 665/20/68 185/276/1335
f 370/272/1339 1090/269/1344 1522/17/65 1087/273/1334
f 1090/269/1344 136/270/1343 424/18/66 1522/17/65
f 1091/152/1346 1523/13/61 635/16/64 155/151/1347
f 371/149/1351 1094/148/1356 1523/13/61 1091/152/1346
f 1094/148/1356 135/266/1355 423/14/62 1523/13/61
f 1095/234/1358 1524/29/57 662/32/60 182/233/1359
f 372/231/1363 1098/230/1368 1524/29/57 1095/234/1358
f 1098/230/1368 121/284/1367 409/30/58 1524/29/57
f 1099/156/1370 1525/27/53 661/28/56 181/219/1371
f 373/157/1375 1102/158/1380 1525/27/53 1099/156/1370
f 1102/158/1380 132/276/1379 420/20/54 1525/27/53
f 1103/177/1382 1526/25/49 631/26/52 151/176/1383
f 374/174/1387 1106/173/1392 1526/25/49 1103/177/1382
f 1106/173/1392 131/279/1391 419/24/50 1526/25/49
f 1107/215/1394 1527/21/45 658/24/48 178/279/1395
f 375/214/1399 1110/211/1404 1527/21/45 1107/215/1394
f 1110/211/1404 111/212/1403 399/22/46 1527/21/45
f 1111/273/1406 1528/17/41 657/20/44 177/276/1407
f 376/272/1411 1114/269/1416 1528/17/41 1111/273/1406
f 1114/269/1416 128/270/1415 416/18/42 1528/17/41
f 1115/152/1418 1529/13/37 632/16/40 152/151/1419
f 377/149/1423 1118/148/1428 1529/13/37 1115/152/1418
f 1118/148/1428 127/266/1427 415/14/38 1529/13/37
f 1119/215/1430 1530/21/33 654/24/36 174/279/1431
f 378/214/1435 1122/211/1440 1530/21/33 1119/215/1430
f 1122/211/1440 148/212/1439 628/22/34 1530/21/33
f 1123/273/1442 1531/17/29 653/20/32 173/276/1443
f 379/272/1447 1126/269/1452 1531/17/29 1123/273/1442
f 1126/269/1452 124/270/1451 412/18/30 1531/17/29
f 1127/152/1454 1532/13/25 638/16/28 158/151/1455
f 380/149/1459 1130/148/1464 1532/13/25 1127/152/1454
f 1130/148/1464 123/266/1463 411/14/26 1532/13/25
f 1131/263/1466 1533/5/21 650/8/24 170/280/1467
f 381/262/1471 1134/259/1476 1533/5/21 1131/263/1466
f 1134/259/1476 160/260/1475 640/6/22 1533/5/21
f 1135/263/1478 1534/5/17 644/8/20 164/280/1479
f 382/262/1483 1138/259/1488 1534/5/17 1135/263/1478
f 1138/259/1488 99/260/1487 387/6/18 1534/5/17
f 1139/257/1490 1535/9/13 643/12/16 163/256/1491
f 383/254/1495 1142/253/1500 1535/9/13 1139/257/1490
f 1142/253/1500 109/286/1499 397/10/14 1535/9/13
f 1143/263/1502 1536/5/9 647/8/12 167/280/1503
f 384/262/1507 1146/259/1512 1536/5/9 1143/263/1502
f 1146/259/1512 161/260/1511 641/6/10 1536/5/9
f 1147/263/1514 1537/5/5 645/8/8 165/280/1515
f 385/262/1519 1150/259/1524 1537/5/5 1147/263/1514
f 1150/259/1524 102/260/1523 390/6/6 1537/5/5
f 1151/225/1526 1538/1/1 390/4/4 102/287/1527
f 386/224/1531 1154/220/1536 1538/1/1 1151/225/1526
f 1154/220/1536 101/221/1535 389/2/2 1538/1/1
